"Address","Occurrences","H2-1","H2-1 Length","H2-2","H2-2 Length","Indexability","Indexability Status"
"https://www.onlinegamblingcanada.com/reviews/cazimbo-sport","2","Cazimbo Sport at a glance","25","Our verdict","11","Indexable",""
"https://www.onlinegamblingcanada.com/reviews/draftkings-casino","2","DraftKings Casino at a glance","29","Our verdict","11","Indexable",""
"https://www.onlinegamblingcanada.com/reviews/cazimbo-casino","2","Cazimbo Casino at a glance","26","Our verdict","11","Indexable",""
"https://www.onlinegamblingcanada.com/reviews/campeonbet-sports","2","Campeonbet Sport at a glance","28","Our verdict","11","Indexable",""
"https://www.onlinegamblingcanada.com/reviews/highroller-casino","2","Highroller Casino at a glance","29","Our verdict","11","Indexable",""
"https://www.onlinegamblingcanada.com/reviews/campobet-sports","2","Campobet Sports at a glance","27","Our verdict","11","Indexable",""
"https://www.onlinegamblingcanada.com/reviews/888casino","2","888 Casino at a glance","22","Our verdict","11","Indexable",""
"https://www.onlinegamblingcanada.com/reviews/jackpotcity-casino","2","JackpotCity Casino at a glance","30","Our verdict","11","Indexable",""
"https://www.onlinegamblingcanada.com/reviews/draftkings-sport","2","DraftKings Sport at a glance","28","Our verdict","11","Indexable",""
"https://www.onlinegamblingcanada.com/reviews/riseofbets-casino","2","RiseOfBets Casino at a glance","29","Our verdict","11","Indexable",""
"https://www.onlinegamblingcanada.com/news/canada-s-online-poker-shows-steady-growth","1","Read more","9","","0","Indexable",""
"https://www.onlinegamblingcanada.com/news/ontario-online-casino-handle-hits-89-as-sports-betting-slows","2","Read more","9","More in Casino","14","Indexable",""
"https://www.onlinegamblingcanada.com/news/top-canadian-sportsbooks-for-nfl-and-nhl","2","Read more","9","More in Sportsbook","18","Indexable",""
"https://www.onlinegamblingcanada.com/news/esports-betting-in-canada-trend-or-fad","2","Read more","9","More in Sports Betting","22","Indexable",""
"https://www.onlinegamblingcanada.com/news/canadian-online-casino-bonuses-2025-top-offers","2","Read more","9","More in Casino","14","Indexable",""
"https://www.onlinegamblingcanada.com/news/canada-sports-betting-slows-will-nfl-revive","2","Read more","9","More in Sports Betting","22","Indexable",""
"https://www.onlinegamblingcanada.com/reviews/betbeast-sport","2","BetBeast Sport at a glance","26","Our verdict","11","Indexable",""
"https://www.onlinegamblingcanada.com/reviews/bitkingz-casino","2","Bitkingz Casino at a glance","27","Our verdict","11","Indexable",""
"https://www.onlinegamblingcanada.com/reviews/888-poker-ontario","2","888 Poker Ontario at a glance","29","Our verdict","11","Indexable",""
"https://www.onlinegamblingcanada.com/news/ontario-exclusive-slots-worth-playing","2","Read more","9","More in Casino Games","20","Indexable",""
"https://www.onlinegamblingcanada.com/news/rise-of-live-dealer-games-in-canada","2","Read more","9","More in Casino Games","20","Indexable",""
