"Address","Title 1","Occurrences","HTML hreflang 1","HTML hreflang 1 URL","HTTP hreflang 1","HTTP hreflang 1 URL","Sitemap hreflang 1","Sitemap hreflang 1 URL","Indexability","Indexability Status"
"https://www.onlinegamblingcanada.com/","Online Gambling Canada — Sportsbooks & Online Casinos Canada 2025","0","","","","","","","Indexable",""
"https://www.onlinegamblingcanada.com/news/alberta-igaming-launch-what-it-means-for-players","Alberta's iGaming Launch: What It Means for Players | Online Gambling Canada","0","","","","","","","Indexable",""
"https://www.onlinegamblingcanada.com/news/blackjack-strategy-guide-for-canadian-players","Blackjack Strategy Guide for Canadian Players | Online Gambling Canada","0","","","","","","","Indexable",""
"https://www.onlinegamblingcanada.com/games/bingo","Best Online Bingo Sites for Canadians 2025 | Online Gambling Canada","0","","","","","","","Indexable",""
"https://www.onlinegamblingcanada.com/reviews","Independent Online Casino & Sportsbook Reviews (2025) | Online Gambling Canada","0","","","","","","","Indexable",""
"https://www.onlinegamblingcanada.com/games/blackjack","The Basics of Blackjack | Online Gambling Canada","0","","","","","","","Indexable",""
"https://www.onlinegamblingcanada.com/news","Canadian Online Gambling News & Market Updates | Online Gambling Canada","0","","","","","","","Indexable",""
"https://www.onlinegamblingcanada.com/reviews/cazimbo-sport","Cazimbo Sport Review 2025 — Bonus, Rating & Verdict | Online Gambling Canada","0","","","","","","","Indexable",""
"https://www.onlinegamblingcanada.com/reviews/draftkings-casino","DraftKings Casino Review 2025 — Bonus, Rating & Verdict | Online Gambling Canada","0","","","","","","","Indexable",""
"https://www.onlinegamblingcanada.com/games/poker","Best Online Poker Sites in Canada 2025 | Online Gambling Canada","0","","","","","","","Indexable",""
"https://www.onlinegamblingcanada.com/news/nfl-2026-betting-guide-for-canadian-bettors","NFL 2026 Betting Guide for Canadian Bettors | Online Gambling Canada","0","","","","","","","Indexable",""
"https://www.onlinegamblingcanada.com/news/no-wagering-casino-bonuses-in-canada-explained","No-Wagering Casino Bonuses in Canada Explained | Online Gambling Canada","0","","","","","","","Indexable",""
"https://www.onlinegamblingcanada.com/sports-betting/ontario","Best Sports Betting Sites in Ontario 2026 | Online Gambling Canada","0","","","","","","","Indexable",""
"https://www.onlinegamblingcanada.com/games/video-poker","Video Poker Strategy & Best Machines | Online Gambling Canada","0","","","","","","","Indexable",""
"https://www.onlinegamblingcanada.com/contact","Contact Us | Online Gambling Canada","0","","","","","","","Indexable",""
"https://www.onlinegamblingcanada.com/games/roulette","Roulette Guide for Canadian Players | Online Gambling Canada","0","","","","","","","Indexable",""
"https://www.onlinegamblingcanada.com/reviews/cazimbo-casino","Cazimbo Casino Review 2025 — Bonus, Rating & Verdict | Online Gambling Canada","0","","","","","","","Indexable",""
"https://www.onlinegamblingcanada.com/reviews/campeonbet-sports","Campeonbet Sport Review 2025 — Bonus, Rating & Verdict | Online Gambling Canada","0","","","","","","","Indexable",""
"https://www.onlinegamblingcanada.com/reviews/highroller-casino","Highroller Casino Review 2025 — Bonus, Rating & Verdict | Online Gambling Canada","0","","","","","","","Indexable",""
"https://www.onlinegamblingcanada.com/sports-betting/alberta","Best Sports Betting Sites in Alberta 2026 | Online Gambling Canada","0","","","","","","","Indexable",""
"https://www.onlinegamblingcanada.com/reviews/campobet-sports","Campobet Sports Review 2025 — Bonus, Rating & Verdict | Online Gambling Canada","0","","","","","","","Indexable",""
"https://www.onlinegamblingcanada.com/reviews/888casino","888 Casino Review 2025 — Bonus, Rating & Verdict | Online Gambling Canada","0","","","","","","","Indexable",""
"https://www.onlinegamblingcanada.com/sports-betting","Best Real Money Online Sportsbooks in Canada 2025 | Online Gambling Canada","0","","","","","","","Indexable",""
"https://www.onlinegamblingcanada.com/reviews/jackpotcity-casino","JackpotCity Casino Review 2025 — Bonus, Rating & Verdict | Online Gambling Canada","0","","","","","","","Indexable",""
"https://www.onlinegamblingcanada.com/reviews/playojo-casino","PlayOJO Casino Review 2025 — Bonus, Rating & Verdict | Online Gambling Canada","0","","","","","","","Indexable",""
"https://www.onlinegamblingcanada.com/reviews/draftkings-sport","DraftKings Sport Review 2025 — Bonus, Rating & Verdict | Online Gambling Canada","0","","","","","","","Indexable",""
"https://www.onlinegamblingcanada.com/about","About Us — Independent Canadian Gambling Experts | Online Gambling Canada","0","","","","","","","Indexable",""
"https://www.onlinegamblingcanada.com/reviews/betinia-sports","Betinia Sports Review 2025 — Bonus, Rating & Verdict | Online Gambling Canada","0","","","","","","","Indexable",""
"https://www.onlinegamblingcanada.com/casino","Best Real Money Online Casinos in Canada 2025 | Online Gambling Canada","0","","","","","","","Indexable",""
"https://www.onlinegamblingcanada.com/games/slots","How to Play Slots Online: A Beginner’s Guide to Winning | Online Gambling Canada","0","","","","","","","Indexable",""
"https://www.onlinegamblingcanada.com/games","Casino Games Guides — Slots, Blackjack, Roulette & More | Online Gambling Canada","0","","","","","","","Indexable",""
"https://www.onlinegamblingcanada.com/sports-betting-understanding-the-basics","Sports Betting: Understanding the Basics | Online Gambling Canada","0","","","","","","","Indexable",""
"https://www.onlinegamblingcanada.com/news/crypto-casino-deposits-in-canada-a-practical-guide","Crypto Casino Deposits in Canada: A Practical Guide | Online Gambling Canada","0","","","","","","","Indexable",""
"https://www.onlinegamblingcanada.com/news/nhl-betting-value-canada-2026-27","NHL Betting 2026-27: Where Canadians Get the Best Value This Season | Online Gambling Canada","0","","","","","","","Indexable",""
"https://www.onlinegamblingcanada.com/crypto","Crypto Gambling in Canada — Best Bitcoin Casinos & Sportsbooks | Online Gambling Canada","0","","","","","","","Indexable",""
"https://www.onlinegamblingcanada.com/reviews/spin-casino","Spin Casino Review 2025 — Bonus, Rating & Verdict | Online Gambling Canada","0","","","","","","","Indexable",""
"https://www.onlinegamblingcanada.com/reviews/riseofbets-casino","RiseOfBets Casino Review 2025 — Bonus, Rating & Verdict | Online Gambling Canada","0","","","","","","","Indexable",""
"https://www.onlinegamblingcanada.com/best-mobile-casinos-in-canada","Best Mobile Casinos in Canada 2026 — Top Apps & Sites | Online Gambling Canada","0","","","","","","","Indexable",""
"https://www.onlinegamblingcanada.com/news/canada-s-online-poker-shows-steady-growth","Online Poker in Canada Sees Steady Growth – Here’s Why | Online Gambling Canada","0","","","","","","","Indexable",""
"https://www.onlinegamblingcanada.com/news/ontario-online-casino-handle-hits-89-as-sports-betting-slows","Ontario Online Casino Handle Jumps to 89% as Sports Betting Slows | Online Gambling Canada","0","","","","","","","Indexable",""
"https://www.onlinegamblingcanada.com/news/top-canadian-sportsbooks-for-nfl-and-nhl","Best Canadian Sportsbooks for NFL & NHL Betting This Season | Online Gambling Canada","0","","","","","","","Indexable",""
"https://www.onlinegamblingcanada.com/news/esports-betting-in-canada-trend-or-fad","Esports Betting in Canada – Growing Trend or Passing Fad? | Online Gambling Canada","0","","","","","","","Indexable",""
"https://www.onlinegamblingcanada.com/news/canadian-online-casino-bonuses-2025-top-offers","Canadian Online Casino Bonuses 2025 – Best Offers Right Now | Online Gambling Canada","0","","","","","","","Indexable",""
"https://www.onlinegamblingcanada.com/news/canada-sports-betting-slows-will-nfl-revive","Sports Betting in Canada Slows – Will NFL Season Spark a Comeback? | Online Gambling Canada","0","","","","","","","Indexable",""
"https://www.onlinegamblingcanada.com/reviews/betbeast-sport","BetBeast Sport Review 2025 — Bonus, Rating & Verdict | Online Gambling Canada","0","","","","","","","Indexable",""
"https://www.onlinegamblingcanada.com/reviews/bitkingz-casino","Bitkingz Casino Review 2025 — Bonus, Rating & Verdict | Online Gambling Canada","0","","","","","","","Indexable",""
"https://www.onlinegamblingcanada.com/reviews/neospin-casino","Neospin Casino Review 2025 — Bonus, Rating & Verdict | Online Gambling Canada","0","","","","","","","Indexable",""
"https://www.onlinegamblingcanada.com/reviews/lucky7even-casino","Lucky7even Casino Review 2025 — Bonus, Rating & Verdict | Online Gambling Canada","0","","","","","","","Indexable",""
"https://www.onlinegamblingcanada.com/reviews/888-poker-ontario","888 Poker Ontario Review 2025 — Bonus, Rating & Verdict | Online Gambling Canada","0","","","","","","","Indexable",""
"https://www.onlinegamblingcanada.com/reviews/las-vegas-casino","Las Vegas Casino Review 2025 — Bonus, Rating & Verdict | Online Gambling Canada","0","","","","","","","Indexable",""
"https://www.onlinegamblingcanada.com/news/ontario-exclusive-slots-worth-playing","Exclusive Slots Launch in Ontario – Are They Worth Playing? | Online Gambling Canada","0","","","","","","","Indexable",""
"https://www.onlinegamblingcanada.com/news/rise-of-live-dealer-games-in-canada","The Rise of Live Dealer Games in Canadian Online Casinos | Online Gambling Canada","0","","","","","","","Indexable",""
"https://www.onlinegamblingcanada.com/top-10-most-searched-online-casino-games-in-canada","Top 10 Most Searched Online Casino Games in Canada 2026 | Online Gambling Canada","0","","","","","","","Indexable",""
"https://www.onlinegamblingcanada.com/ontario-casino-apps","Best Ontario Casino Apps 2026 — Top Regulated iOS & Android | Online Gambling Canada","0","","","","","","","Indexable",""
"https://www.onlinegamblingcanada.com/news/ontario-igaming-four-years-what-changed","Ontario's iGaming Market Turns Four: What Has Changed for Canadian Players | Online Gambling Canada","0","","","","","","","Indexable",""
