"Address","Occurrences","Meta Keywords 1","Meta Keywords 1 Length","Indexability","Indexability Status"
"https://www.onlinegamblingcanada.com/","1","online gambling canada,online casino canada,sports betting canada,best canadian casinos,casino bonuses canada,legal online betting canada","137","Indexable",""
"https://www.onlinegamblingcanada.com/news/alberta-igaming-launch-what-it-means-for-players","1","online gambling canada,online casino canada,sports betting canada,best canadian casinos,casino bonuses canada,legal online betting canada","137","Indexable",""
"https://www.onlinegamblingcanada.com/news/blackjack-strategy-guide-for-canadian-players","1","online gambling canada,online casino canada,sports betting canada,best canadian casinos,casino bonuses canada,legal online betting canada","137","Indexable",""
"https://www.onlinegamblingcanada.com/games/bingo","1","online gambling canada,online casino canada,sports betting canada,best canadian casinos,casino bonuses canada,legal online betting canada","137","Indexable",""
"https://www.onlinegamblingcanada.com/reviews","1","online gambling canada,online casino canada,sports betting canada,best canadian casinos,casino bonuses canada,legal online betting canada","137","Indexable",""
"https://www.onlinegamblingcanada.com/games/blackjack","1","online gambling canada,online casino canada,sports betting canada,best canadian casinos,casino bonuses canada,legal online betting canada","137","Indexable",""
"https://www.onlinegamblingcanada.com/news","1","online gambling canada,online casino canada,sports betting canada,best canadian casinos,casino bonuses canada,legal online betting canada","137","Indexable",""
"https://www.onlinegamblingcanada.com/reviews/cazimbo-sport","1","online gambling canada,online casino canada,sports betting canada,best canadian casinos,casino bonuses canada,legal online betting canada","137","Indexable",""
"https://www.onlinegamblingcanada.com/reviews/draftkings-casino","1","online gambling canada,online casino canada,sports betting canada,best canadian casinos,casino bonuses canada,legal online betting canada","137","Indexable",""
"https://www.onlinegamblingcanada.com/games/poker","1","online gambling canada,online casino canada,sports betting canada,best canadian casinos,casino bonuses canada,legal online betting canada","137","Indexable",""
"https://www.onlinegamblingcanada.com/news/nfl-2026-betting-guide-for-canadian-bettors","1","online gambling canada,online casino canada,sports betting canada,best canadian casinos,casino bonuses canada,legal online betting canada","137","Indexable",""
"https://www.onlinegamblingcanada.com/news/no-wagering-casino-bonuses-in-canada-explained","1","online gambling canada,online casino canada,sports betting canada,best canadian casinos,casino bonuses canada,legal online betting canada","137","Indexable",""
"https://www.onlinegamblingcanada.com/sports-betting/ontario","1","online gambling canada,online casino canada,sports betting canada,best canadian casinos,casino bonuses canada,legal online betting canada","137","Indexable",""
"https://www.onlinegamblingcanada.com/games/video-poker","1","online gambling canada,online casino canada,sports betting canada,best canadian casinos,casino bonuses canada,legal online betting canada","137","Indexable",""
"https://www.onlinegamblingcanada.com/contact","1","online gambling canada,online casino canada,sports betting canada,best canadian casinos,casino bonuses canada,legal online betting canada","137","Indexable",""
"https://www.onlinegamblingcanada.com/games/roulette","1","online gambling canada,online casino canada,sports betting canada,best canadian casinos,casino bonuses canada,legal online betting canada","137","Indexable",""
"https://www.onlinegamblingcanada.com/reviews/cazimbo-casino","1","online gambling canada,online casino canada,sports betting canada,best canadian casinos,casino bonuses canada,legal online betting canada","137","Indexable",""
"https://www.onlinegamblingcanada.com/reviews/campeonbet-sports","1","online gambling canada,online casino canada,sports betting canada,best canadian casinos,casino bonuses canada,legal online betting canada","137","Indexable",""
"https://www.onlinegamblingcanada.com/reviews/highroller-casino","1","online gambling canada,online casino canada,sports betting canada,best canadian casinos,casino bonuses canada,legal online betting canada","137","Indexable",""
"https://www.onlinegamblingcanada.com/sports-betting/alberta","1","online gambling canada,online casino canada,sports betting canada,best canadian casinos,casino bonuses canada,legal online betting canada","137","Indexable",""
"https://www.onlinegamblingcanada.com/reviews/campobet-sports","1","online gambling canada,online casino canada,sports betting canada,best canadian casinos,casino bonuses canada,legal online betting canada","137","Indexable",""
"https://www.onlinegamblingcanada.com/reviews/888casino","1","online gambling canada,online casino canada,sports betting canada,best canadian casinos,casino bonuses canada,legal online betting canada","137","Indexable",""
"https://www.onlinegamblingcanada.com/sports-betting","1","online gambling canada,online casino canada,sports betting canada,best canadian casinos,casino bonuses canada,legal online betting canada","137","Indexable",""
"https://www.onlinegamblingcanada.com/reviews/jackpotcity-casino","1","online gambling canada,online casino canada,sports betting canada,best canadian casinos,casino bonuses canada,legal online betting canada","137","Indexable",""
"https://www.onlinegamblingcanada.com/reviews/playojo-casino","1","online gambling canada,online casino canada,sports betting canada,best canadian casinos,casino bonuses canada,legal online betting canada","137","Indexable",""
"https://www.onlinegamblingcanada.com/reviews/draftkings-sport","1","online gambling canada,online casino canada,sports betting canada,best canadian casinos,casino bonuses canada,legal online betting canada","137","Indexable",""
"https://www.onlinegamblingcanada.com/about","1","online gambling canada,online casino canada,sports betting canada,best canadian casinos,casino bonuses canada,legal online betting canada","137","Indexable",""
"https://www.onlinegamblingcanada.com/reviews/betinia-sports","1","online gambling canada,online casino canada,sports betting canada,best canadian casinos,casino bonuses canada,legal online betting canada","137","Indexable",""
"https://www.onlinegamblingcanada.com/casino","1","online gambling canada,online casino canada,sports betting canada,best canadian casinos,casino bonuses canada,legal online betting canada","137","Indexable",""
"https://www.onlinegamblingcanada.com/games/slots","1","online gambling canada,online casino canada,sports betting canada,best canadian casinos,casino bonuses canada,legal online betting canada","137","Indexable",""
"https://www.onlinegamblingcanada.com/games","1","online gambling canada,online casino canada,sports betting canada,best canadian casinos,casino bonuses canada,legal online betting canada","137","Indexable",""
"https://www.onlinegamblingcanada.com/sports-betting-understanding-the-basics","1","online gambling canada,online casino canada,sports betting canada,best canadian casinos,casino bonuses canada,legal online betting canada","137","Indexable",""
"https://www.onlinegamblingcanada.com/news/crypto-casino-deposits-in-canada-a-practical-guide","1","online gambling canada,online casino canada,sports betting canada,best canadian casinos,casino bonuses canada,legal online betting canada","137","Indexable",""
"https://www.onlinegamblingcanada.com/news/nhl-betting-value-canada-2026-27","1","online gambling canada,online casino canada,sports betting canada,best canadian casinos,casino bonuses canada,legal online betting canada","137","Indexable",""
"https://www.onlinegamblingcanada.com/crypto","1","online gambling canada,online casino canada,sports betting canada,best canadian casinos,casino bonuses canada,legal online betting canada","137","Indexable",""
"https://www.onlinegamblingcanada.com/reviews/spin-casino","1","online gambling canada,online casino canada,sports betting canada,best canadian casinos,casino bonuses canada,legal online betting canada","137","Indexable",""
"https://www.onlinegamblingcanada.com/reviews/riseofbets-casino","1","online gambling canada,online casino canada,sports betting canada,best canadian casinos,casino bonuses canada,legal online betting canada","137","Indexable",""
"https://www.onlinegamblingcanada.com/best-mobile-casinos-in-canada","1","online gambling canada,online casino canada,sports betting canada,best canadian casinos,casino bonuses canada,legal online betting canada","137","Indexable",""
"https://www.onlinegamblingcanada.com/news/canada-s-online-poker-shows-steady-growth","1","online gambling canada,online casino canada,sports betting canada,best canadian casinos,casino bonuses canada,legal online betting canada","137","Indexable",""
"https://www.onlinegamblingcanada.com/news/ontario-online-casino-handle-hits-89-as-sports-betting-slows","1","online gambling canada,online casino canada,sports betting canada,best canadian casinos,casino bonuses canada,legal online betting canada","137","Indexable",""
"https://www.onlinegamblingcanada.com/news/top-canadian-sportsbooks-for-nfl-and-nhl","1","online gambling canada,online casino canada,sports betting canada,best canadian casinos,casino bonuses canada,legal online betting canada","137","Indexable",""
"https://www.onlinegamblingcanada.com/news/esports-betting-in-canada-trend-or-fad","1","online gambling canada,online casino canada,sports betting canada,best canadian casinos,casino bonuses canada,legal online betting canada","137","Indexable",""
"https://www.onlinegamblingcanada.com/news/canadian-online-casino-bonuses-2025-top-offers","1","online gambling canada,online casino canada,sports betting canada,best canadian casinos,casino bonuses canada,legal online betting canada","137","Indexable",""
"https://www.onlinegamblingcanada.com/news/canada-sports-betting-slows-will-nfl-revive","1","online gambling canada,online casino canada,sports betting canada,best canadian casinos,casino bonuses canada,legal online betting canada","137","Indexable",""
"https://www.onlinegamblingcanada.com/reviews/betbeast-sport","1","online gambling canada,online casino canada,sports betting canada,best canadian casinos,casino bonuses canada,legal online betting canada","137","Indexable",""
"https://www.onlinegamblingcanada.com/reviews/bitkingz-casino","1","online gambling canada,online casino canada,sports betting canada,best canadian casinos,casino bonuses canada,legal online betting canada","137","Indexable",""
"https://www.onlinegamblingcanada.com/reviews/neospin-casino","1","online gambling canada,online casino canada,sports betting canada,best canadian casinos,casino bonuses canada,legal online betting canada","137","Indexable",""
"https://www.onlinegamblingcanada.com/reviews/lucky7even-casino","1","online gambling canada,online casino canada,sports betting canada,best canadian casinos,casino bonuses canada,legal online betting canada","137","Indexable",""
"https://www.onlinegamblingcanada.com/reviews/888-poker-ontario","1","online gambling canada,online casino canada,sports betting canada,best canadian casinos,casino bonuses canada,legal online betting canada","137","Indexable",""
"https://www.onlinegamblingcanada.com/reviews/las-vegas-casino","1","online gambling canada,online casino canada,sports betting canada,best canadian casinos,casino bonuses canada,legal online betting canada","137","Indexable",""
"https://www.onlinegamblingcanada.com/news/ontario-exclusive-slots-worth-playing","1","online gambling canada,online casino canada,sports betting canada,best canadian casinos,casino bonuses canada,legal online betting canada","137","Indexable",""
"https://www.onlinegamblingcanada.com/news/rise-of-live-dealer-games-in-canada","1","online gambling canada,online casino canada,sports betting canada,best canadian casinos,casino bonuses canada,legal online betting canada","137","Indexable",""
"https://www.onlinegamblingcanada.com/top-10-most-searched-online-casino-games-in-canada","1","online gambling canada,online casino canada,sports betting canada,best canadian casinos,casino bonuses canada,legal online betting canada","137","Indexable",""
"https://www.onlinegamblingcanada.com/ontario-casino-apps","1","online gambling canada,online casino canada,sports betting canada,best canadian casinos,casino bonuses canada,legal online betting canada","137","Indexable",""
"https://www.onlinegamblingcanada.com/news/ontario-igaming-four-years-what-changed","1","online gambling canada,online casino canada,sports betting canada,best canadian casinos,casino bonuses canada,legal online betting canada","137","Indexable",""
