"Address","Occurrences","Title 1","Title 1 Length","Title 1 Pixel Width","Indexability","Indexability Status"
"https://www.onlinegamblingcanada.com/","1","Online Gambling Canada — Sportsbooks & Online Casinos Canada 2025","65","635","Indexable",""
"https://www.onlinegamblingcanada.com/news/alberta-igaming-launch-what-it-means-for-players","1","Alberta's iGaming Launch: What It Means for Players | Online Gambling Canada","76","704","Indexable",""
"https://www.onlinegamblingcanada.com/news/blackjack-strategy-guide-for-canadian-players","1","Blackjack Strategy Guide for Canadian Players | Online Gambling Canada","70","647","Indexable",""
"https://www.onlinegamblingcanada.com/games/bingo","1","Best Online Bingo Sites for Canadians 2025 | Online Gambling Canada","67","621","Indexable",""
"https://www.onlinegamblingcanada.com/reviews","1","Independent Online Casino & Sportsbook Reviews (2025) | Online Gambling Canada","78","740","Indexable",""
"https://www.onlinegamblingcanada.com/games/blackjack","1","The Basics of Blackjack | Online Gambling Canada","48","445","Indexable",""
"https://www.onlinegamblingcanada.com/news","1","Canadian Online Gambling News & Market Updates | Online Gambling Canada","71","692","Indexable",""
"https://www.onlinegamblingcanada.com/reviews/cazimbo-sport","1","Cazimbo Sport Review 2025 — Bonus, Rating & Verdict | Online Gambling Canada","76","719","Indexable",""
"https://www.onlinegamblingcanada.com/reviews/draftkings-casino","1","DraftKings Casino Review 2025 — Bonus, Rating & Verdict | Online Gambling Canada","80","748","Indexable",""
"https://www.onlinegamblingcanada.com/games/poker","1","Best Online Poker Sites in Canada 2025 | Online Gambling Canada","63","588","Indexable",""
"https://www.onlinegamblingcanada.com/news/nfl-2026-betting-guide-for-canadian-bettors","1","NFL 2026 Betting Guide for Canadian Bettors | Online Gambling Canada","68","636","Indexable",""
"https://www.onlinegamblingcanada.com/news/no-wagering-casino-bonuses-in-canada-explained","1","No-Wagering Casino Bonuses in Canada Explained | Online Gambling Canada","71","684","Indexable",""
"https://www.onlinegamblingcanada.com/sports-betting/ontario","1","Best Sports Betting Sites in Ontario 2026 | Online Gambling Canada","66","599","Indexable",""
"https://www.onlinegamblingcanada.com/games/video-poker","1","Video Poker Strategy & Best Machines | Online Gambling Canada","61","577","Indexable",""
"https://www.onlinegamblingcanada.com/contact","1","Contact Us | Online Gambling Canada","35","334","Indexable",""
"https://www.onlinegamblingcanada.com/games/roulette","1","Roulette Guide for Canadian Players | Online Gambling Canada","60","558","Indexable",""
"https://www.onlinegamblingcanada.com/reviews/cazimbo-casino","1","Cazimbo Casino Review 2025 — Bonus, Rating & Verdict | Online Gambling Canada","77","732","Indexable",""
"https://www.onlinegamblingcanada.com/reviews/campeonbet-sports","1","Campeonbet Sport Review 2025 — Bonus, Rating & Verdict | Online Gambling Canada","79","755","Indexable",""
"https://www.onlinegamblingcanada.com/reviews/highroller-casino","1","Highroller Casino Review 2025 — Bonus, Rating & Verdict | Online Gambling Canada","80","740","Indexable",""
"https://www.onlinegamblingcanada.com/sports-betting/alberta","1","Best Sports Betting Sites in Alberta 2026 | Online Gambling Canada","66","598","Indexable",""
"https://www.onlinegamblingcanada.com/reviews/campobet-sports","1","Campobet Sports Review 2025 — Bonus, Rating & Verdict | Online Gambling Canada","78","743","Indexable",""
"https://www.onlinegamblingcanada.com/reviews/888casino","1","888 Casino Review 2025 — Bonus, Rating & Verdict | Online Gambling Canada","73","686","Indexable",""
"https://www.onlinegamblingcanada.com/sports-betting","1","Best Real Money Online Sportsbooks in Canada 2025 | Online Gambling Canada","74","705","Indexable",""
"https://www.onlinegamblingcanada.com/reviews/jackpotcity-casino","1","JackpotCity Casino Review 2025 — Bonus, Rating & Verdict | Online Gambling Canada","81","758","Indexable",""
"https://www.onlinegamblingcanada.com/reviews/playojo-casino","1","PlayOJO Casino Review 2025 — Bonus, Rating & Verdict | Online Gambling Canada","77","730","Indexable",""
"https://www.onlinegamblingcanada.com/reviews/draftkings-sport","1","DraftKings Sport Review 2025 — Bonus, Rating & Verdict | Online Gambling Canada","79","735","Indexable",""
"https://www.onlinegamblingcanada.com/about","1","About Us — Independent Canadian Gambling Experts | Online Gambling Canada","73","706","Indexable",""
"https://www.onlinegamblingcanada.com/reviews/betinia-sports","1","Betinia Sports Review 2025 — Bonus, Rating & Verdict | Online Gambling Canada","77","712","Indexable",""
"https://www.onlinegamblingcanada.com/casino","1","Best Real Money Online Casinos in Canada 2025 | Online Gambling Canada","70","665","Indexable",""
"https://www.onlinegamblingcanada.com/games/slots","1","How to Play Slots Online: A Beginner’s Guide to Winning | Online Gambling Canada","80","732","Indexable",""
"https://www.onlinegamblingcanada.com/games","1","Casino Games Guides — Slots, Blackjack, Roulette & More | Online Gambling Canada","80","749","Indexable",""
"https://www.onlinegamblingcanada.com/sports-betting-understanding-the-basics","1","Sports Betting: Understanding the Basics | Online Gambling Canada","65","600","Indexable",""
"https://www.onlinegamblingcanada.com/news/crypto-casino-deposits-in-canada-a-practical-guide","1","Crypto Casino Deposits in Canada: A Practical Guide | Online Gambling Canada","76","701","Indexable",""
"https://www.onlinegamblingcanada.com/news/nhl-betting-value-canada-2026-27","1","NHL Betting 2026-27: Where Canadians Get the Best Value This Season | Online Gambling Canada","92","874","Indexable",""
"https://www.onlinegamblingcanada.com/crypto","1","Crypto Gambling in Canada — Best Bitcoin Casinos & Sportsbooks | Online Gambling Canada","87","820","Indexable",""
"https://www.onlinegamblingcanada.com/reviews/spin-casino","1","Spin Casino Review 2025 — Bonus, Rating & Verdict | Online Gambling Canada","74","692","Indexable",""
"https://www.onlinegamblingcanada.com/reviews/riseofbets-casino","1","RiseOfBets Casino Review 2025 — Bonus, Rating & Verdict | Online Gambling Canada","80","752","Indexable",""
"https://www.onlinegamblingcanada.com/best-mobile-casinos-in-canada","1","Best Mobile Casinos in Canada 2026 — Top Apps & Sites | Online Gambling Canada","78","737","Indexable",""
"https://www.onlinegamblingcanada.com/news/canada-s-online-poker-shows-steady-growth","1","Online Poker in Canada Sees Steady Growth – Here’s Why | Online Gambling Canada","79","752","Indexable",""
"https://www.onlinegamblingcanada.com/news/ontario-online-casino-handle-hits-89-as-sports-betting-slows","1","Ontario Online Casino Handle Jumps to 89% as Sports Betting Slows | Online Gambling Canada","90","845","Indexable",""
"https://www.onlinegamblingcanada.com/news/top-canadian-sportsbooks-for-nfl-and-nhl","1","Best Canadian Sportsbooks for NFL & NHL Betting This Season | Online Gambling Canada","84","796","Indexable",""
"https://www.onlinegamblingcanada.com/news/esports-betting-in-canada-trend-or-fad","1","Esports Betting in Canada – Growing Trend or Passing Fad? | Online Gambling Canada","82","766","Indexable",""
"https://www.onlinegamblingcanada.com/news/canadian-online-casino-bonuses-2025-top-offers","1","Canadian Online Casino Bonuses 2025 – Best Offers Right Now | Online Gambling Canada","84","798","Indexable",""
"https://www.onlinegamblingcanada.com/news/canada-sports-betting-slows-will-nfl-revive","1","Sports Betting in Canada Slows – Will NFL Season Spark a Comeback? | Online Gambling Canada","91","864","Indexable",""
"https://www.onlinegamblingcanada.com/reviews/betbeast-sport","1","BetBeast Sport Review 2025 — Bonus, Rating & Verdict | Online Gambling Canada","77","721","Indexable",""
"https://www.onlinegamblingcanada.com/reviews/bitkingz-casino","1","Bitkingz Casino Review 2025 — Bonus, Rating & Verdict | Online Gambling Canada","78","724","Indexable",""
"https://www.onlinegamblingcanada.com/reviews/neospin-casino","1","Neospin Casino Review 2025 — Bonus, Rating & Verdict | Online Gambling Canada","77","726","Indexable",""
"https://www.onlinegamblingcanada.com/reviews/lucky7even-casino","1","Lucky7even Casino Review 2025 — Bonus, Rating & Verdict | Online Gambling Canada","80","758","Indexable",""
"https://www.onlinegamblingcanada.com/reviews/888-poker-ontario","1","888 Poker Ontario Review 2025 — Bonus, Rating & Verdict | Online Gambling Canada","80","748","Indexable",""
"https://www.onlinegamblingcanada.com/reviews/las-vegas-casino","1","Las Vegas Casino Review 2025 — Bonus, Rating & Verdict | Online Gambling Canada","79","746","Indexable",""
"https://www.onlinegamblingcanada.com/news/ontario-exclusive-slots-worth-playing","1","Exclusive Slots Launch in Ontario – Are They Worth Playing? | Online Gambling Canada","84","771","Indexable",""
"https://www.onlinegamblingcanada.com/news/rise-of-live-dealer-games-in-canada","1","The Rise of Live Dealer Games in Canadian Online Casinos | Online Gambling Canada","81","758","Indexable",""
"https://www.onlinegamblingcanada.com/top-10-most-searched-online-casino-games-in-canada","1","Top 10 Most Searched Online Casino Games in Canada 2026 | Online Gambling Canada","80","776","Indexable",""
"https://www.onlinegamblingcanada.com/ontario-casino-apps","1","Best Ontario Casino Apps 2026 — Top Regulated iOS & Android | Online Gambling Canada","84","794","Indexable",""
"https://www.onlinegamblingcanada.com/news/ontario-igaming-four-years-what-changed","1","Ontario's iGaming Market Turns Four: What Has Changed for Canadian Players | Online Gambling Canada","99","935","Indexable",""
