"Address","PSI Request Status"
"https://www.onlinegamblingcanada.com/",""
"https://www.onlinegamblingcanada.com/news/alberta-igaming-launch-what-it-means-for-players",""
"https://www.onlinegamblingcanada.com/news/blackjack-strategy-guide-for-canadian-players",""
"https://www.onlinegamblingcanada.com/games/bingo",""
"https://www.onlinegamblingcanada.com/reviews",""
"https://www.onlinegamblingcanada.com/games/blackjack",""
"https://www.onlinegamblingcanada.com/news",""
"https://www.onlinegamblingcanada.com/reviews/cazimbo-sport",""
"https://www.onlinegamblingcanada.com/reviews/draftkings-casino",""
"https://www.onlinegamblingcanada.com/games/poker",""
"https://www.onlinegamblingcanada.com/news/nfl-2026-betting-guide-for-canadian-bettors",""
"https://www.onlinegamblingcanada.com/news/no-wagering-casino-bonuses-in-canada-explained",""
"https://www.onlinegamblingcanada.com/sports-betting/ontario",""
"https://www.onlinegamblingcanada.com/games/video-poker",""
"https://www.onlinegamblingcanada.com/contact",""
"https://www.onlinegamblingcanada.com/games/roulette",""
"https://www.onlinegamblingcanada.com/reviews/cazimbo-casino",""
"https://www.onlinegamblingcanada.com/reviews/campeonbet-sports",""
"https://www.onlinegamblingcanada.com/reviews/highroller-casino",""
"https://www.onlinegamblingcanada.com/sports-betting/alberta",""
"https://www.onlinegamblingcanada.com/reviews/campobet-sports",""
"https://www.onlinegamblingcanada.com/reviews/888casino",""
"https://www.onlinegamblingcanada.com/sports-betting",""
"https://www.onlinegamblingcanada.com/reviews/jackpotcity-casino",""
"https://www.onlinegamblingcanada.com/reviews/playojo-casino",""
"https://www.onlinegamblingcanada.com/reviews/draftkings-sport",""
"https://www.onlinegamblingcanada.com/about",""
"https://www.onlinegamblingcanada.com/reviews/betinia-sports",""
"https://www.onlinegamblingcanada.com/casino",""
"https://www.onlinegamblingcanada.com/games/slots",""
"https://www.onlinegamblingcanada.com/games",""
"https://www.onlinegamblingcanada.com/sports-betting-understanding-the-basics",""
"https://www.onlinegamblingcanada.com/news/crypto-casino-deposits-in-canada-a-practical-guide",""
"https://www.onlinegamblingcanada.com/news/nhl-betting-value-canada-2026-27",""
"https://www.onlinegamblingcanada.com/crypto",""
"https://www.onlinegamblingcanada.com/reviews/spin-casino",""
"https://www.onlinegamblingcanada.com/reviews/riseofbets-casino",""
"https://www.onlinegamblingcanada.com/best-mobile-casinos-in-canada",""
"https://www.onlinegamblingcanada.com/news/canada-s-online-poker-shows-steady-growth",""
"https://www.onlinegamblingcanada.com/news/ontario-online-casino-handle-hits-89-as-sports-betting-slows",""
"https://www.onlinegamblingcanada.com/news/top-canadian-sportsbooks-for-nfl-and-nhl",""
"https://www.onlinegamblingcanada.com/news/esports-betting-in-canada-trend-or-fad",""
"https://www.onlinegamblingcanada.com/news/canadian-online-casino-bonuses-2025-top-offers",""
"https://www.onlinegamblingcanada.com/news/canada-sports-betting-slows-will-nfl-revive",""
"https://www.onlinegamblingcanada.com/reviews/betbeast-sport",""
"https://www.onlinegamblingcanada.com/reviews/bitkingz-casino",""
"https://www.onlinegamblingcanada.com/reviews/neospin-casino",""
"https://www.onlinegamblingcanada.com/reviews/lucky7even-casino",""
"https://www.onlinegamblingcanada.com/reviews/888-poker-ontario",""
"https://www.onlinegamblingcanada.com/reviews/las-vegas-casino",""
"https://www.onlinegamblingcanada.com/news/ontario-exclusive-slots-worth-playing",""
"https://www.onlinegamblingcanada.com/news/rise-of-live-dealer-games-in-canada",""
"https://www.onlinegamblingcanada.com/top-10-most-searched-online-casino-games-in-canada",""
"https://www.onlinegamblingcanada.com/ontario-casino-apps",""
"https://www.onlinegamblingcanada.com/news/ontario-igaming-four-years-what-changed",""
