"Address","Indexability","Indexability Status","rel=""next"" 1","HTTP rel=""next"" 1","rel=""prev"" 1","HTTP rel=""prev"" 1","Canonical Link Element 1","HTTP Canonical","Meta Robots 1","X-Robots-Tag 1"
"https://www.onlinegamblingcanada.com/","Indexable","","","","","","https://www.onlinegamblingcanada.com/","","index, follow, max-image-preview:large",""
"https://www.onlinegamblingcanada.com/news/alberta-igaming-launch-what-it-means-for-players","Indexable","","","","","","https://www.onlinegamblingcanada.com/news/alberta-igaming-launch-what-it-means-for-players","","index, follow, max-image-preview:large",""
"https://www.onlinegamblingcanada.com/news/blackjack-strategy-guide-for-canadian-players","Indexable","","","","","","https://www.onlinegamblingcanada.com/news/blackjack-strategy-guide-for-canadian-players","","index, follow, max-image-preview:large",""
"https://www.onlinegamblingcanada.com/games/bingo","Indexable","","","","","","https://www.onlinegamblingcanada.com/games/bingo","","index, follow, max-image-preview:large",""
"https://www.onlinegamblingcanada.com/reviews","Indexable","","","","","","https://www.onlinegamblingcanada.com/reviews","","index, follow, max-image-preview:large",""
"https://www.onlinegamblingcanada.com/games/blackjack","Indexable","","","","","","https://www.onlinegamblingcanada.com/games/blackjack","","index, follow, max-image-preview:large",""
"https://www.onlinegamblingcanada.com/news","Indexable","","","","","","https://www.onlinegamblingcanada.com/news","","index, follow, max-image-preview:large",""
"https://www.onlinegamblingcanada.com/reviews/cazimbo-sport","Indexable","","","","","","https://www.onlinegamblingcanada.com/reviews/cazimbo-sport","","index, follow, max-image-preview:large",""
"https://www.onlinegamblingcanada.com/reviews/draftkings-casino","Indexable","","","","","","https://www.onlinegamblingcanada.com/reviews/draftkings-casino","","index, follow, max-image-preview:large",""
"https://www.onlinegamblingcanada.com/games/poker","Indexable","","","","","","https://www.onlinegamblingcanada.com/games/poker","","index, follow, max-image-preview:large",""
"https://www.onlinegamblingcanada.com/news/nfl-2026-betting-guide-for-canadian-bettors","Indexable","","","","","","https://www.onlinegamblingcanada.com/news/nfl-2026-betting-guide-for-canadian-bettors","","index, follow, max-image-preview:large",""
"https://www.onlinegamblingcanada.com/news/no-wagering-casino-bonuses-in-canada-explained","Indexable","","","","","","https://www.onlinegamblingcanada.com/news/no-wagering-casino-bonuses-in-canada-explained","","index, follow, max-image-preview:large",""
"https://www.onlinegamblingcanada.com/sports-betting/ontario","Indexable","","","","","","https://www.onlinegamblingcanada.com/sports-betting/ontario","","index, follow, max-image-preview:large",""
"https://www.onlinegamblingcanada.com/games/video-poker","Indexable","","","","","","https://www.onlinegamblingcanada.com/games/video-poker","","index, follow, max-image-preview:large",""
"https://www.onlinegamblingcanada.com/contact","Indexable","","","","","","https://www.onlinegamblingcanada.com/contact","","index, follow, max-image-preview:large",""
"https://www.onlinegamblingcanada.com/games/roulette","Indexable","","","","","","https://www.onlinegamblingcanada.com/games/roulette","","index, follow, max-image-preview:large",""
"https://www.onlinegamblingcanada.com/reviews/cazimbo-casino","Indexable","","","","","","https://www.onlinegamblingcanada.com/reviews/cazimbo-casino","","index, follow, max-image-preview:large",""
"https://www.onlinegamblingcanada.com/reviews/campeonbet-sports","Indexable","","","","","","https://www.onlinegamblingcanada.com/reviews/campeonbet-sports","","index, follow, max-image-preview:large",""
"https://www.onlinegamblingcanada.com/reviews/highroller-casino","Indexable","","","","","","https://www.onlinegamblingcanada.com/reviews/highroller-casino","","index, follow, max-image-preview:large",""
"https://www.onlinegamblingcanada.com/sports-betting/alberta","Indexable","","","","","","https://www.onlinegamblingcanada.com/sports-betting/alberta","","index, follow, max-image-preview:large",""
"https://www.onlinegamblingcanada.com/reviews/campobet-sports","Indexable","","","","","","https://www.onlinegamblingcanada.com/reviews/campobet-sports","","index, follow, max-image-preview:large",""
"https://www.onlinegamblingcanada.com/reviews/888casino","Indexable","","","","","","https://www.onlinegamblingcanada.com/reviews/888casino","","index, follow, max-image-preview:large",""
"https://www.onlinegamblingcanada.com/sports-betting","Indexable","","","","","","https://www.onlinegamblingcanada.com/sports-betting","","index, follow, max-image-preview:large",""
"https://www.onlinegamblingcanada.com/reviews/jackpotcity-casino","Indexable","","","","","","https://www.onlinegamblingcanada.com/reviews/jackpotcity-casino","","index, follow, max-image-preview:large",""
"https://www.onlinegamblingcanada.com/reviews/playojo-casino","Indexable","","","","","","https://www.onlinegamblingcanada.com/reviews/playojo-casino","","index, follow, max-image-preview:large",""
"https://www.onlinegamblingcanada.com/reviews/draftkings-sport","Indexable","","","","","","https://www.onlinegamblingcanada.com/reviews/draftkings-sport","","index, follow, max-image-preview:large",""
"https://www.onlinegamblingcanada.com/about","Indexable","","","","","","https://www.onlinegamblingcanada.com/about","","index, follow, max-image-preview:large",""
"https://www.onlinegamblingcanada.com/reviews/betinia-sports","Indexable","","","","","","https://www.onlinegamblingcanada.com/reviews/betinia-sports","","index, follow, max-image-preview:large",""
"https://www.onlinegamblingcanada.com/casino","Indexable","","","","","","https://www.onlinegamblingcanada.com/casino","","index, follow, max-image-preview:large",""
"https://www.onlinegamblingcanada.com/games/slots","Indexable","","","","","","https://www.onlinegamblingcanada.com/games/slots","","index, follow, max-image-preview:large",""
"https://www.onlinegamblingcanada.com/games","Indexable","","","","","","https://www.onlinegamblingcanada.com/games","","index, follow, max-image-preview:large",""
"https://www.onlinegamblingcanada.com/sports-betting-understanding-the-basics","Indexable","","","","","","https://www.onlinegamblingcanada.com/sports-betting-understanding-the-basics","","index, follow, max-image-preview:large",""
"https://www.onlinegamblingcanada.com/news/crypto-casino-deposits-in-canada-a-practical-guide","Indexable","","","","","","https://www.onlinegamblingcanada.com/news/crypto-casino-deposits-in-canada-a-practical-guide","","index, follow, max-image-preview:large",""
"https://www.onlinegamblingcanada.com/news/nhl-betting-value-canada-2026-27","Indexable","","","","","","https://www.onlinegamblingcanada.com/news/nhl-betting-value-canada-2026-27","","index, follow, max-image-preview:large",""
"https://www.onlinegamblingcanada.com/crypto","Indexable","","","","","","https://www.onlinegamblingcanada.com/crypto","","index, follow, max-image-preview:large",""
"https://www.onlinegamblingcanada.com/reviews/spin-casino","Indexable","","","","","","https://www.onlinegamblingcanada.com/reviews/spin-casino","","index, follow, max-image-preview:large",""
"https://www.onlinegamblingcanada.com/reviews/riseofbets-casino","Indexable","","","","","","https://www.onlinegamblingcanada.com/reviews/riseofbets-casino","","index, follow, max-image-preview:large",""
"https://www.onlinegamblingcanada.com/best-mobile-casinos-in-canada","Indexable","","","","","","https://www.onlinegamblingcanada.com/best-mobile-casinos-in-canada","","index, follow, max-image-preview:large",""
"https://www.onlinegamblingcanada.com/news/canada-s-online-poker-shows-steady-growth","Indexable","","","","","","https://www.onlinegamblingcanada.com/news/canada-s-online-poker-shows-steady-growth","","index, follow, max-image-preview:large",""
"https://www.onlinegamblingcanada.com/news/ontario-online-casino-handle-hits-89-as-sports-betting-slows","Indexable","","","","","","https://www.onlinegamblingcanada.com/news/ontario-online-casino-handle-hits-89-as-sports-betting-slows","","index, follow, max-image-preview:large",""
"https://www.onlinegamblingcanada.com/news/top-canadian-sportsbooks-for-nfl-and-nhl","Indexable","","","","","","https://www.onlinegamblingcanada.com/news/top-canadian-sportsbooks-for-nfl-and-nhl","","index, follow, max-image-preview:large",""
"https://www.onlinegamblingcanada.com/news/esports-betting-in-canada-trend-or-fad","Indexable","","","","","","https://www.onlinegamblingcanada.com/news/esports-betting-in-canada-trend-or-fad","","index, follow, max-image-preview:large",""
"https://www.onlinegamblingcanada.com/news/canadian-online-casino-bonuses-2025-top-offers","Indexable","","","","","","https://www.onlinegamblingcanada.com/news/canadian-online-casino-bonuses-2025-top-offers","","index, follow, max-image-preview:large",""
"https://www.onlinegamblingcanada.com/news/canada-sports-betting-slows-will-nfl-revive","Indexable","","","","","","https://www.onlinegamblingcanada.com/news/canada-sports-betting-slows-will-nfl-revive","","index, follow, max-image-preview:large",""
"https://www.onlinegamblingcanada.com/reviews/betbeast-sport","Indexable","","","","","","https://www.onlinegamblingcanada.com/reviews/betbeast-sport","","index, follow, max-image-preview:large",""
"https://www.onlinegamblingcanada.com/reviews/bitkingz-casino","Indexable","","","","","","https://www.onlinegamblingcanada.com/reviews/bitkingz-casino","","index, follow, max-image-preview:large",""
"https://www.onlinegamblingcanada.com/reviews/neospin-casino","Indexable","","","","","","https://www.onlinegamblingcanada.com/reviews/neospin-casino","","index, follow, max-image-preview:large",""
"https://www.onlinegamblingcanada.com/reviews/lucky7even-casino","Indexable","","","","","","https://www.onlinegamblingcanada.com/reviews/lucky7even-casino","","index, follow, max-image-preview:large",""
"https://www.onlinegamblingcanada.com/reviews/888-poker-ontario","Indexable","","","","","","https://www.onlinegamblingcanada.com/reviews/888-poker-ontario","","index, follow, max-image-preview:large",""
"https://www.onlinegamblingcanada.com/reviews/las-vegas-casino","Indexable","","","","","","https://www.onlinegamblingcanada.com/reviews/las-vegas-casino","","index, follow, max-image-preview:large",""
"https://www.onlinegamblingcanada.com/news/ontario-exclusive-slots-worth-playing","Indexable","","","","","","https://www.onlinegamblingcanada.com/news/ontario-exclusive-slots-worth-playing","","index, follow, max-image-preview:large",""
"https://www.onlinegamblingcanada.com/news/rise-of-live-dealer-games-in-canada","Indexable","","","","","","https://www.onlinegamblingcanada.com/news/rise-of-live-dealer-games-in-canada","","index, follow, max-image-preview:large",""
"https://www.onlinegamblingcanada.com/top-10-most-searched-online-casino-games-in-canada","Indexable","","","","","","https://www.onlinegamblingcanada.com/top-10-most-searched-online-casino-games-in-canada","","index, follow, max-image-preview:large",""
"https://www.onlinegamblingcanada.com/ontario-casino-apps","Indexable","","","","","","https://www.onlinegamblingcanada.com/ontario-casino-apps","","index, follow, max-image-preview:large",""
"https://www.onlinegamblingcanada.com/news/ontario-igaming-four-years-what-changed","Indexable","","","","","","https://www.onlinegamblingcanada.com/news/ontario-igaming-four-years-what-changed","","index, follow, max-image-preview:large",""
