"Address","Content Type","Status Code","Status","Indexability","Indexability Status","Hash","Length","Canonical Link Element 1","URL Encoded Address"
"https://www.onlinegamblingcanada.com/","text/html; charset=utf-8","200","OK","Indexable","","b5fc7c8feff2e0fef1f29c23eb07a572","37","https://www.onlinegamblingcanada.com/","https://www.onlinegamblingcanada.com/"
"https://www.onlinegamblingcanada.com/news/alberta-igaming-launch-what-it-means-for-players","text/html; charset=utf-8","200","OK","Indexable","","f5e9b58803d82a5e4ed68dbeb6d3bbf","90","https://www.onlinegamblingcanada.com/news/alberta-igaming-launch-what-it-means-for-players","https://www.onlinegamblingcanada.com/news/alberta-igaming-launch-what-it-means-for-players"
"https://www.onlinegamblingcanada.com/news/blackjack-strategy-guide-for-canadian-players","text/html; charset=utf-8","200","OK","Indexable","","33009412e9aa5c97000c41169e8eab54","87","https://www.onlinegamblingcanada.com/news/blackjack-strategy-guide-for-canadian-players","https://www.onlinegamblingcanada.com/news/blackjack-strategy-guide-for-canadian-players"
"https://www.onlinegamblingcanada.com/_next/static/chunks/23-4ba2cbf430395d8b.js?dpl=dpl_Ehp7b1UDjLjutcowjrX6zNdvYFoX","application/javascript; charset=utf-8","200","OK","Indexable","","","116","","https://www.onlinegamblingcanada.com/_next/static/chunks/23-4ba2cbf430395d8b.js?dpl=dpl_Ehp7b1UDjLjutcowjrX6zNdvYFoX"
"https://www.onlinegamblingcanada.com/games/bingo","text/html; charset=utf-8","200","OK","Indexable","","f0f4104b6a142a04ecbb4e8ebb4064cd","48","https://www.onlinegamblingcanada.com/games/bingo","https://www.onlinegamblingcanada.com/games/bingo"
"https://www.onlinegamblingcanada.com/_next/static/chunks/fd9d1056-be48aeae6e94b8d1.js?dpl=dpl_Ehp7b1UDjLjutcowjrX6zNdvYFoX","application/javascript; charset=utf-8","200","OK","Indexable","","","122","","https://www.onlinegamblingcanada.com/_next/static/chunks/fd9d1056-be48aeae6e94b8d1.js?dpl=dpl_Ehp7b1UDjLjutcowjrX6zNdvYFoX"
"https://www.onlinegamblingcanada.com/reviews","text/html; charset=utf-8","200","OK","Indexable","","541c42c0b1fd76a1cf6a15c8c81cad72","44","https://www.onlinegamblingcanada.com/reviews","https://www.onlinegamblingcanada.com/reviews"
"https://www.onlinegamblingcanada.com/logos/cazimbo-sport.png","text/html; charset=utf-8","404","Not Found","Non-Indexable","Client Error","","60","","https://www.onlinegamblingcanada.com/logos/cazimbo-sport.png"
"https://www.onlinegamblingcanada.com/logos/draftkings-sport.png","text/html; charset=utf-8","404","Not Found","Non-Indexable","Client Error","","63","","https://www.onlinegamblingcanada.com/logos/draftkings-sport.png"
"https://www.onlinegamblingcanada.com/games/blackjack","text/html; charset=utf-8","200","OK","Indexable","","bf77039bfc77db2b91502ed271d535ca","52","https://www.onlinegamblingcanada.com/games/blackjack","https://www.onlinegamblingcanada.com/games/blackjack"
"https://www.onlinegamblingcanada.com/_next/static/css/c1772ecb2ada8b13.css?dpl=dpl_Ehp7b1UDjLjutcowjrX6zNdvYFoX","text/css; charset=utf-8","200","OK","Indexable","","","111","","https://www.onlinegamblingcanada.com/_next/static/css/c1772ecb2ada8b13.css?dpl=dpl_Ehp7b1UDjLjutcowjrX6zNdvYFoX"
"https://www.onlinegamblingcanada.com/news","text/html; charset=utf-8","200","OK","Indexable","","a5fc47dc8c5bfa6de49723e1bea3591c","41","https://www.onlinegamblingcanada.com/news","https://www.onlinegamblingcanada.com/news"
"https://www.onlinegamblingcanada.com/reviews/cazimbo-sport","text/html; charset=utf-8","200","OK","Indexable","","c6841c976c591a8ba42c4c3783626efd","58","https://www.onlinegamblingcanada.com/reviews/cazimbo-sport","https://www.onlinegamblingcanada.com/reviews/cazimbo-sport"
"https://www.onlinegamblingcanada.com/logos/betinia-sports.png","text/html; charset=utf-8","404","Not Found","Non-Indexable","Client Error","","61","","https://www.onlinegamblingcanada.com/logos/betinia-sports.png"
"https://www.onlinegamblingcanada.com/logos/highroller-casino.png","text/html; charset=utf-8","404","Not Found","Non-Indexable","Client Error","","64","","https://www.onlinegamblingcanada.com/logos/highroller-casino.png"
"https://www.onlinegamblingcanada.com/logos/riseofbets-casino.png","text/html; charset=utf-8","404","Not Found","Non-Indexable","Client Error","","64","","https://www.onlinegamblingcanada.com/logos/riseofbets-casino.png"
"https://www.onlinegamblingcanada.com/reviews/draftkings-casino","text/html; charset=utf-8","200","OK","Indexable","","83441719e69b22dc10808762a749ca7","62","https://www.onlinegamblingcanada.com/reviews/draftkings-casino","https://www.onlinegamblingcanada.com/reviews/draftkings-casino"
"https://www.onlinegamblingcanada.com/games/poker","text/html; charset=utf-8","200","OK","Indexable","","c32a981ade9dca424c776f48a8cd728f","48","https://www.onlinegamblingcanada.com/games/poker","https://www.onlinegamblingcanada.com/games/poker"
"https://www.onlinegamblingcanada.com/news/nfl-2026-betting-guide-for-canadian-bettors","text/html; charset=utf-8","200","OK","Indexable","","44231439f654d1881e6ae31b6bcd96a4","85","https://www.onlinegamblingcanada.com/news/nfl-2026-betting-guide-for-canadian-bettors","https://www.onlinegamblingcanada.com/news/nfl-2026-betting-guide-for-canadian-bettors"
"https://www.onlinegamblingcanada.com/logos/draftkings-casino.png","text/html; charset=utf-8","404","Not Found","Non-Indexable","Client Error","","64","","https://www.onlinegamblingcanada.com/logos/draftkings-casino.png"
"https://www.onlinegamblingcanada.com/logos/888casino.png","text/html; charset=utf-8","404","Not Found","Non-Indexable","Client Error","","56","","https://www.onlinegamblingcanada.com/logos/888casino.png"
"https://www.onlinegamblingcanada.com/logos/campobet-sports.png","text/html; charset=utf-8","404","Not Found","Non-Indexable","Client Error","","62","","https://www.onlinegamblingcanada.com/logos/campobet-sports.png"
"https://www.onlinegamblingcanada.com/news/no-wagering-casino-bonuses-in-canada-explained","text/html; charset=utf-8","200","OK","Indexable","","6ca88111671f3fb9460637d4de7e04cb","88","https://www.onlinegamblingcanada.com/news/no-wagering-casino-bonuses-in-canada-explained","https://www.onlinegamblingcanada.com/news/no-wagering-casino-bonuses-in-canada-explained"
"https://www.onlinegamblingcanada.com/sports-betting/ontario","text/html; charset=utf-8","200","OK","Indexable","","fcbfdd9951ac2550ae4bbe5e517f8b9d","59","https://www.onlinegamblingcanada.com/sports-betting/ontario","https://www.onlinegamblingcanada.com/sports-betting/ontario"
"https://www.onlinegamblingcanada.com/_next/static/chunks/polyfills-78c92fac7aa8fdd8.js?dpl=dpl_Ehp7b1UDjLjutcowjrX6zNdvYFoX","application/javascript; charset=utf-8","200","OK","Indexable","","","123","","https://www.onlinegamblingcanada.com/_next/static/chunks/polyfills-78c92fac7aa8fdd8.js?dpl=dpl_Ehp7b1UDjLjutcowjrX6zNdvYFoX"
"https://www.onlinegamblingcanada.com/games/video-poker","text/html; charset=utf-8","200","OK","Indexable","","f845079b0110877d777b274cb8d3b596","54","https://www.onlinegamblingcanada.com/games/video-poker","https://www.onlinegamblingcanada.com/games/video-poker"
"https://www.onlinegamblingcanada.com/_next/static/chunks/231-d28521b9a1ca2868.js?dpl=dpl_Ehp7b1UDjLjutcowjrX6zNdvYFoX","application/javascript; charset=utf-8","200","OK","Indexable","","","117","","https://www.onlinegamblingcanada.com/_next/static/chunks/231-d28521b9a1ca2868.js?dpl=dpl_Ehp7b1UDjLjutcowjrX6zNdvYFoX"
"https://www.onlinegamblingcanada.com/contact","text/html; charset=utf-8","200","OK","Indexable","","c9319d9fab2a774621c2b56f2a13a082","44","https://www.onlinegamblingcanada.com/contact","https://www.onlinegamblingcanada.com/contact"
"https://www.onlinegamblingcanada.com/games/roulette","text/html; charset=utf-8","200","OK","Indexable","","c5b3824f4d1b9be91b9d3298bf32ca61","51","https://www.onlinegamblingcanada.com/games/roulette","https://www.onlinegamblingcanada.com/games/roulette"
"https://www.onlinegamblingcanada.com/reviews/cazimbo-casino","text/html; charset=utf-8","200","OK","Indexable","","8c82bee554216bcc7edce7463647e463","59","https://www.onlinegamblingcanada.com/reviews/cazimbo-casino","https://www.onlinegamblingcanada.com/reviews/cazimbo-casino"
"https://www.onlinegamblingcanada.com/reviews/campeonbet-sports","text/html; charset=utf-8","200","OK","Indexable","","c62e411cde43e269eeecc4c4451d68bf","62","https://www.onlinegamblingcanada.com/reviews/campeonbet-sports","https://www.onlinegamblingcanada.com/reviews/campeonbet-sports"
"https://www.onlinegamblingcanada.com/reviews/highroller-casino","text/html; charset=utf-8","200","OK","Indexable","","3d181e71b942b41ddd5b51cc95e7e47c","62","https://www.onlinegamblingcanada.com/reviews/highroller-casino","https://www.onlinegamblingcanada.com/reviews/highroller-casino"
"https://www.onlinegamblingcanada.com/sports-betting/alberta","text/html; charset=utf-8","200","OK","Indexable","","b53d7a4ecd03603af6d8ce52c66951c7","59","https://www.onlinegamblingcanada.com/sports-betting/alberta","https://www.onlinegamblingcanada.com/sports-betting/alberta"
"https://www.onlinegamblingcanada.com/reviews/campobet-sports","text/html; charset=utf-8","200","OK","Indexable","","885d82064f624b1c2af795f2212d598f","60","https://www.onlinegamblingcanada.com/reviews/campobet-sports","https://www.onlinegamblingcanada.com/reviews/campobet-sports"
"https://www.onlinegamblingcanada.com/reviews/888casino","text/html; charset=utf-8","200","OK","Indexable","","ddb5a943ea69b4291c2268fc31d916c8","54","https://www.onlinegamblingcanada.com/reviews/888casino","https://www.onlinegamblingcanada.com/reviews/888casino"
"https://www.onlinegamblingcanada.com/logos/cazimbo-casino.png","text/html; charset=utf-8","404","Not Found","Non-Indexable","Client Error","","61","","https://www.onlinegamblingcanada.com/logos/cazimbo-casino.png"
"https://www.onlinegamblingcanada.com/sports-betting","text/html; charset=utf-8","200","OK","Indexable","","b22521386c06281e735919abba8d9893","51","https://www.onlinegamblingcanada.com/sports-betting","https://www.onlinegamblingcanada.com/sports-betting"
"https://www.onlinegamblingcanada.com/reviews/jackpotcity-casino","text/html; charset=utf-8","200","OK","Indexable","","bd864f06063cb18046be7b084c2698ec","63","https://www.onlinegamblingcanada.com/reviews/jackpotcity-casino","https://www.onlinegamblingcanada.com/reviews/jackpotcity-casino"
"https://www.onlinegamblingcanada.com/reviews/playojo-casino","text/html; charset=utf-8","200","OK","Indexable","","c5dd0dbca9692a76941cc101ce607777","59","https://www.onlinegamblingcanada.com/reviews/playojo-casino","https://www.onlinegamblingcanada.com/reviews/playojo-casino"
"https://www.onlinegamblingcanada.com/logos/campeonbet-sports.png","text/html; charset=utf-8","404","Not Found","Non-Indexable","Client Error","","64","","https://www.onlinegamblingcanada.com/logos/campeonbet-sports.png"
"https://www.onlinegamblingcanada.com/reviews/draftkings-sport","text/html; charset=utf-8","200","OK","Indexable","","84a3beab78d977aa8f361343ae92336","61","https://www.onlinegamblingcanada.com/reviews/draftkings-sport","https://www.onlinegamblingcanada.com/reviews/draftkings-sport"
"https://www.onlinegamblingcanada.com/_next/static/chunks/main-app-f73cdb3bce740b12.js?dpl=dpl_Ehp7b1UDjLjutcowjrX6zNdvYFoX","application/javascript; charset=utf-8","200","OK","Indexable","","","122","","https://www.onlinegamblingcanada.com/_next/static/chunks/main-app-f73cdb3bce740b12.js?dpl=dpl_Ehp7b1UDjLjutcowjrX6zNdvYFoX"
"https://www.onlinegamblingcanada.com/about","text/html; charset=utf-8","200","OK","Indexable","","fd7c7c268b05002cf488fb9dbaec3d48","42","https://www.onlinegamblingcanada.com/about","https://www.onlinegamblingcanada.com/about"
"https://www.onlinegamblingcanada.com/reviews/betinia-sports","text/html; charset=utf-8","200","OK","Indexable","","d3ecfecfc8bc4846dd9971ca98b49c0","59","https://www.onlinegamblingcanada.com/reviews/betinia-sports","https://www.onlinegamblingcanada.com/reviews/betinia-sports"
"https://www.onlinegamblingcanada.com/casino","text/html; charset=utf-8","200","OK","Indexable","","116021beefd10b9e1923ef9eb0232c9c","43","https://www.onlinegamblingcanada.com/casino","https://www.onlinegamblingcanada.com/casino"
"https://www.onlinegamblingcanada.com/games/slots","text/html; charset=utf-8","200","OK","Indexable","","d97273c02dcfe8e950e3304209f83ed1","48","https://www.onlinegamblingcanada.com/games/slots","https://www.onlinegamblingcanada.com/games/slots"
"https://www.onlinegamblingcanada.com/_next/static/chunks/webpack-889906d2d9470bce.js?dpl=dpl_Ehp7b1UDjLjutcowjrX6zNdvYFoX","application/javascript; charset=utf-8","200","OK","Indexable","","","121","","https://www.onlinegamblingcanada.com/_next/static/chunks/webpack-889906d2d9470bce.js?dpl=dpl_Ehp7b1UDjLjutcowjrX6zNdvYFoX"
"https://www.onlinegamblingcanada.com/_next/static/chunks/app/page-6d5e94f090161744.js?dpl=dpl_Ehp7b1UDjLjutcowjrX6zNdvYFoX","application/javascript; charset=utf-8","200","OK","Indexable","","","122","","https://www.onlinegamblingcanada.com/_next/static/chunks/app/page-6d5e94f090161744.js?dpl=dpl_Ehp7b1UDjLjutcowjrX6zNdvYFoX"
"https://www.onlinegamblingcanada.com/games","text/html; charset=utf-8","200","OK","Indexable","","b9488ce606e942669da775b800e74300","42","https://www.onlinegamblingcanada.com/games","https://www.onlinegamblingcanada.com/games"
"https://www.onlinegamblingcanada.com/sports-betting-understanding-the-basics","text/html; charset=utf-8","200","OK","Indexable","","78f2535f69a603664b2bceccb8cf40e7","76","https://www.onlinegamblingcanada.com/sports-betting-understanding-the-basics","https://www.onlinegamblingcanada.com/sports-betting-understanding-the-basics"
"https://www.onlinegamblingcanada.com/news/crypto-casino-deposits-in-canada-a-practical-guide","text/html; charset=utf-8","200","OK","Indexable","","c101899bbd4babd0a3dcff52deac07a1","92","https://www.onlinegamblingcanada.com/news/crypto-casino-deposits-in-canada-a-practical-guide","https://www.onlinegamblingcanada.com/news/crypto-casino-deposits-in-canada-a-practical-guide"
"https://www.onlinegamblingcanada.com/news/nhl-betting-value-canada-2026-27","text/html; charset=utf-8","200","OK","Indexable","","97fc1c45b64994e3fa5b06a6d5b513e0","74","https://www.onlinegamblingcanada.com/news/nhl-betting-value-canada-2026-27","https://www.onlinegamblingcanada.com/news/nhl-betting-value-canada-2026-27"
"https://www.onlinegamblingcanada.com/crypto","text/html; charset=utf-8","200","OK","Indexable","","25d5c8a780e6b8a5cf534f6bed6e22c2","43","https://www.onlinegamblingcanada.com/crypto","https://www.onlinegamblingcanada.com/crypto"
"https://www.onlinegamblingcanada.com/_next/static/chunks/app/sports-betting-understanding-the-basics/page-19315217c07c7d1d.js?dpl=dpl_Ehp7b1UDjLjutcowjrX6zNdvYFoX","application/javascript; charset=utf-8","200","OK","Indexable","","","162","","https://www.onlinegamblingcanada.com/_next/static/chunks/app/sports-betting-understanding-the-basics/page-19315217c07c7d1d.js?dpl=dpl_Ehp7b1UDjLjutcowjrX6zNdvYFoX"
"https://www.onlinegamblingcanada.com/reviews/spin-casino","text/html; charset=utf-8","200","OK","Indexable","","7bf413709dc28ce38da33ed0196a2bcf","56","https://www.onlinegamblingcanada.com/reviews/spin-casino","https://www.onlinegamblingcanada.com/reviews/spin-casino"
"https://www.onlinegamblingcanada.com/_next/static/chunks/app/games/page-76d33c54c3b0ffd2.js?dpl=dpl_Ehp7b1UDjLjutcowjrX6zNdvYFoX","application/javascript; charset=utf-8","200","OK","Indexable","","","128","","https://www.onlinegamblingcanada.com/_next/static/chunks/app/games/page-76d33c54c3b0ffd2.js?dpl=dpl_Ehp7b1UDjLjutcowjrX6zNdvYFoX"
"https://www.onlinegamblingcanada.com/_next/static/chunks/app/crypto/page-658d370f73107660.js?dpl=dpl_Ehp7b1UDjLjutcowjrX6zNdvYFoX","application/javascript; charset=utf-8","200","OK","Indexable","","","129","","https://www.onlinegamblingcanada.com/_next/static/chunks/app/crypto/page-658d370f73107660.js?dpl=dpl_Ehp7b1UDjLjutcowjrX6zNdvYFoX"
"https://www.onlinegamblingcanada.com/_next/static/chunks/app/casino/page-049c572daa800662.js?dpl=dpl_Ehp7b1UDjLjutcowjrX6zNdvYFoX","application/javascript; charset=utf-8","200","OK","Indexable","","","129","","https://www.onlinegamblingcanada.com/_next/static/chunks/app/casino/page-049c572daa800662.js?dpl=dpl_Ehp7b1UDjLjutcowjrX6zNdvYFoX"
"https://www.onlinegamblingcanada.com/reviews/riseofbets-casino","text/html; charset=utf-8","200","OK","Indexable","","6d46880a844dbee4b33a67d03ddeb47","62","https://www.onlinegamblingcanada.com/reviews/riseofbets-casino","https://www.onlinegamblingcanada.com/reviews/riseofbets-casino"
"https://www.onlinegamblingcanada.com/_next/static/chunks/app/about/page-2a4047e977202ef5.js?dpl=dpl_Ehp7b1UDjLjutcowjrX6zNdvYFoX","application/javascript; charset=utf-8","200","OK","Indexable","","","128","","https://www.onlinegamblingcanada.com/_next/static/chunks/app/about/page-2a4047e977202ef5.js?dpl=dpl_Ehp7b1UDjLjutcowjrX6zNdvYFoX"
"https://www.onlinegamblingcanada.com/_next/static/chunks/app/sports-betting/page-4914a1ab8da3eb3a.js?dpl=dpl_Ehp7b1UDjLjutcowjrX6zNdvYFoX","application/javascript; charset=utf-8","200","OK","Indexable","","","137","","https://www.onlinegamblingcanada.com/_next/static/chunks/app/sports-betting/page-4914a1ab8da3eb3a.js?dpl=dpl_Ehp7b1UDjLjutcowjrX6zNdvYFoX"
"https://www.onlinegamblingcanada.com/_next/static/chunks/app/sports-betting/%5Bprovince%5D/page-5d20d108fc489bc5.js?dpl=dpl_Ehp7b1UDjLjutcowjrX6zNdvYFoX","application/javascript; charset=utf-8","200","OK","Indexable","","","152","","https://www.onlinegamblingcanada.com/_next/static/chunks/app/sports-betting/%5Bprovince%5D/page-5d20d108fc489bc5.js?dpl=dpl_Ehp7b1UDjLjutcowjrX6zNdvYFoX"
"https://www.onlinegamblingcanada.com/_next/static/chunks/app/contact/page-0107dfddc95030d5.js?dpl=dpl_Ehp7b1UDjLjutcowjrX6zNdvYFoX","application/javascript; charset=utf-8","200","OK","Indexable","","","130","","https://www.onlinegamblingcanada.com/_next/static/chunks/app/contact/page-0107dfddc95030d5.js?dpl=dpl_Ehp7b1UDjLjutcowjrX6zNdvYFoX"
"https://www.onlinegamblingcanada.com/best-mobile-casinos-in-canada","text/html; charset=utf-8","200","OK","Indexable","","9498ac8133e0084ea6bcf5a90744fb78","66","https://www.onlinegamblingcanada.com/best-mobile-casinos-in-canada","https://www.onlinegamblingcanada.com/best-mobile-casinos-in-canada"
"https://www.onlinegamblingcanada.com/_next/static/chunks/app/reviews/%5Bslug%5D/page-1656a363a7434d36.js?dpl=dpl_Ehp7b1UDjLjutcowjrX6zNdvYFoX","application/javascript; charset=utf-8","200","OK","Indexable","","","141","","https://www.onlinegamblingcanada.com/_next/static/chunks/app/reviews/%5Bslug%5D/page-1656a363a7434d36.js?dpl=dpl_Ehp7b1UDjLjutcowjrX6zNdvYFoX"
"https://www.onlinegamblingcanada.com/news/canada-s-online-poker-shows-steady-growth","text/html; charset=utf-8","200","OK","Indexable","","5995cceea2786704fe3ee89034263600","83","https://www.onlinegamblingcanada.com/news/canada-s-online-poker-shows-steady-growth","https://www.onlinegamblingcanada.com/news/canada-s-online-poker-shows-steady-growth"
"https://www.onlinegamblingcanada.com/_next/static/chunks/app/news/page-6840c1aab47b31c7.js?dpl=dpl_Ehp7b1UDjLjutcowjrX6zNdvYFoX","application/javascript; charset=utf-8","200","OK","Indexable","","","127","","https://www.onlinegamblingcanada.com/_next/static/chunks/app/news/page-6840c1aab47b31c7.js?dpl=dpl_Ehp7b1UDjLjutcowjrX6zNdvYFoX"
"https://www.onlinegamblingcanada.com/news/ontario-online-casino-handle-hits-89-as-sports-betting-slows","text/html; charset=utf-8","200","OK","Indexable","","b5a62a6dcb41166aedeb4f68125758e0","102","https://www.onlinegamblingcanada.com/news/ontario-online-casino-handle-hits-89-as-sports-betting-slows","https://www.onlinegamblingcanada.com/news/ontario-online-casino-handle-hits-89-as-sports-betting-slows"
"https://www.onlinegamblingcanada.com/logos/las-vegas-casino.png","text/html; charset=utf-8","404","Not Found","Non-Indexable","Client Error","","63","","https://www.onlinegamblingcanada.com/logos/las-vegas-casino.png"
"https://www.onlinegamblingcanada.com/news/top-canadian-sportsbooks-for-nfl-and-nhl","text/html; charset=utf-8","200","OK","Indexable","","7d51e43d150aeb96840f380fe105ca30","82","https://www.onlinegamblingcanada.com/news/top-canadian-sportsbooks-for-nfl-and-nhl","https://www.onlinegamblingcanada.com/news/top-canadian-sportsbooks-for-nfl-and-nhl"
"https://www.onlinegamblingcanada.com/news/esports-betting-in-canada-trend-or-fad","text/html; charset=utf-8","200","OK","Indexable","","a3991bbb8f15b9819c3d5cfd848620c7","80","https://www.onlinegamblingcanada.com/news/esports-betting-in-canada-trend-or-fad","https://www.onlinegamblingcanada.com/news/esports-betting-in-canada-trend-or-fad"
"https://www.onlinegamblingcanada.com/logos/jackpotcity-casino.png","text/html; charset=utf-8","404","Not Found","Non-Indexable","Client Error","","65","","https://www.onlinegamblingcanada.com/logos/jackpotcity-casino.png"
"https://www.onlinegamblingcanada.com/news/canadian-online-casino-bonuses-2025-top-offers","text/html; charset=utf-8","200","OK","Indexable","","74c0563f9c4d676fce00f37c601e43ce","88","https://www.onlinegamblingcanada.com/news/canadian-online-casino-bonuses-2025-top-offers","https://www.onlinegamblingcanada.com/news/canadian-online-casino-bonuses-2025-top-offers"
"https://www.onlinegamblingcanada.com/news/canada-sports-betting-slows-will-nfl-revive","text/html; charset=utf-8","200","OK","Indexable","","d27df6670ec396806f9c3f82a63a078f","85","https://www.onlinegamblingcanada.com/news/canada-sports-betting-slows-will-nfl-revive","https://www.onlinegamblingcanada.com/news/canada-sports-betting-slows-will-nfl-revive"
"https://www.onlinegamblingcanada.com/logos/lucky7even-casino.png","text/html; charset=utf-8","404","Not Found","Non-Indexable","Client Error","","64","","https://www.onlinegamblingcanada.com/logos/lucky7even-casino.png"
"https://www.onlinegamblingcanada.com/logos/playojo-casino.png","text/html; charset=utf-8","404","Not Found","Non-Indexable","Client Error","","61","","https://www.onlinegamblingcanada.com/logos/playojo-casino.png"
"https://www.onlinegamblingcanada.com/logos/888-poker-ontario.png","text/html; charset=utf-8","404","Not Found","Non-Indexable","Client Error","","64","","https://www.onlinegamblingcanada.com/logos/888-poker-ontario.png"
"https://www.onlinegamblingcanada.com/reviews/betbeast-sport","text/html; charset=utf-8","200","OK","Indexable","","966897195a9cfb64b758dc19fa6cecc7","59","https://www.onlinegamblingcanada.com/reviews/betbeast-sport","https://www.onlinegamblingcanada.com/reviews/betbeast-sport"
"https://www.onlinegamblingcanada.com/reviews/bitkingz-casino","text/html; charset=utf-8","200","OK","Indexable","","bf968a35388e7729b62dc18e8d9ebf74","60","https://www.onlinegamblingcanada.com/reviews/bitkingz-casino","https://www.onlinegamblingcanada.com/reviews/bitkingz-casino"
"https://www.onlinegamblingcanada.com/logos/spin-casino.png","text/html; charset=utf-8","404","Not Found","Non-Indexable","Client Error","","58","","https://www.onlinegamblingcanada.com/logos/spin-casino.png"
"https://www.onlinegamblingcanada.com/reviews/neospin-casino","text/html; charset=utf-8","200","OK","Indexable","","30d436448131ee34552ffefc101ebff5","59","https://www.onlinegamblingcanada.com/reviews/neospin-casino","https://www.onlinegamblingcanada.com/reviews/neospin-casino"
"https://www.onlinegamblingcanada.com/logos/neospin-casino.png","text/html; charset=utf-8","404","Not Found","Non-Indexable","Client Error","","61","","https://www.onlinegamblingcanada.com/logos/neospin-casino.png"
"https://www.onlinegamblingcanada.com/reviews/lucky7even-casino","text/html; charset=utf-8","200","OK","Indexable","","30210ff2d15c0dc8fe963422f019f7a7","62","https://www.onlinegamblingcanada.com/reviews/lucky7even-casino","https://www.onlinegamblingcanada.com/reviews/lucky7even-casino"
"https://www.onlinegamblingcanada.com/logos/betbeast-sport.png","text/html; charset=utf-8","404","Not Found","Non-Indexable","Client Error","","61","","https://www.onlinegamblingcanada.com/logos/betbeast-sport.png"
"https://www.onlinegamblingcanada.com/logos/bitkingz-casino.png","text/html; charset=utf-8","404","Not Found","Non-Indexable","Client Error","","62","","https://www.onlinegamblingcanada.com/logos/bitkingz-casino.png"
"https://www.onlinegamblingcanada.com/reviews/888-poker-ontario","text/html; charset=utf-8","200","OK","Indexable","","fe306a71b77a3af221addcd8967a3745","62","https://www.onlinegamblingcanada.com/reviews/888-poker-ontario","https://www.onlinegamblingcanada.com/reviews/888-poker-ontario"
"https://www.onlinegamblingcanada.com/_next/static/chunks/app/reviews/page-602e1ae761c5c488.js?dpl=dpl_Ehp7b1UDjLjutcowjrX6zNdvYFoX","application/javascript; charset=utf-8","200","OK","Indexable","","","130","","https://www.onlinegamblingcanada.com/_next/static/chunks/app/reviews/page-602e1ae761c5c488.js?dpl=dpl_Ehp7b1UDjLjutcowjrX6zNdvYFoX"
"https://www.onlinegamblingcanada.com/reviews/las-vegas-casino","text/html; charset=utf-8","200","OK","Indexable","","2b1f53bfb0200b42d24a3afdc20bbb0d","61","https://www.onlinegamblingcanada.com/reviews/las-vegas-casino","https://www.onlinegamblingcanada.com/reviews/las-vegas-casino"
"https://www.onlinegamblingcanada.com/_next/static/chunks/app/games/%5Bslug%5D/page-9b514684f681beec.js?dpl=dpl_Ehp7b1UDjLjutcowjrX6zNdvYFoX","application/javascript; charset=utf-8","200","OK","Indexable","","","139","","https://www.onlinegamblingcanada.com/_next/static/chunks/app/games/%5Bslug%5D/page-9b514684f681beec.js?dpl=dpl_Ehp7b1UDjLjutcowjrX6zNdvYFoX"
"https://www.onlinegamblingcanada.com/news/ontario-exclusive-slots-worth-playing","text/html; charset=utf-8","200","OK","Indexable","","a20ed8eec48732915f8eb4debe1d1910","79","https://www.onlinegamblingcanada.com/news/ontario-exclusive-slots-worth-playing","https://www.onlinegamblingcanada.com/news/ontario-exclusive-slots-worth-playing"
"https://www.onlinegamblingcanada.com/_next/static/chunks/app/news/%5Bslug%5D/page-118856ee3737fd28.js?dpl=dpl_Ehp7b1UDjLjutcowjrX6zNdvYFoX","application/javascript; charset=utf-8","200","OK","Indexable","","","138","","https://www.onlinegamblingcanada.com/_next/static/chunks/app/news/%5Bslug%5D/page-118856ee3737fd28.js?dpl=dpl_Ehp7b1UDjLjutcowjrX6zNdvYFoX"
"https://www.onlinegamblingcanada.com/news/rise-of-live-dealer-games-in-canada","text/html; charset=utf-8","200","OK","Indexable","","be4f413ca1da21334c91af9f3b119914","77","https://www.onlinegamblingcanada.com/news/rise-of-live-dealer-games-in-canada","https://www.onlinegamblingcanada.com/news/rise-of-live-dealer-games-in-canada"
"https://www.onlinegamblingcanada.com/top-10-most-searched-online-casino-games-in-canada","text/html; charset=utf-8","200","OK","Indexable","","edec1c0234ca8479e72c1eb0bbcbf998","87","https://www.onlinegamblingcanada.com/top-10-most-searched-online-casino-games-in-canada","https://www.onlinegamblingcanada.com/top-10-most-searched-online-casino-games-in-canada"
"https://www.onlinegamblingcanada.com/ontario-casino-apps","text/html; charset=utf-8","200","OK","Indexable","","3b5d506605e334580666199ba47bcdc4","56","https://www.onlinegamblingcanada.com/ontario-casino-apps","https://www.onlinegamblingcanada.com/ontario-casino-apps"
"https://www.onlinegamblingcanada.com/_next/static/chunks/app/top-10-most-searched-online-casino-games-in-canada/page-8e56cbb9e856dc00.js?dpl=dpl_Ehp7b1UDjLjutcowjrX6zNdvYFoX","application/javascript; charset=utf-8","200","OK","Indexable","","","173","","https://www.onlinegamblingcanada.com/_next/static/chunks/app/top-10-most-searched-online-casino-games-in-canada/page-8e56cbb9e856dc00.js?dpl=dpl_Ehp7b1UDjLjutcowjrX6zNdvYFoX"
"https://www.onlinegamblingcanada.com/_next/static/chunks/app/best-mobile-casinos-in-canada/page-e8b210002f11624b.js?dpl=dpl_Ehp7b1UDjLjutcowjrX6zNdvYFoX","application/javascript; charset=utf-8","200","OK","Indexable","","","152","","https://www.onlinegamblingcanada.com/_next/static/chunks/app/best-mobile-casinos-in-canada/page-e8b210002f11624b.js?dpl=dpl_Ehp7b1UDjLjutcowjrX6zNdvYFoX"
"https://www.onlinegamblingcanada.com/news/ontario-igaming-four-years-what-changed","text/html; charset=utf-8","200","OK","Indexable","","e244801fceddb96ef391dd1b863bec48","81","https://www.onlinegamblingcanada.com/news/ontario-igaming-four-years-what-changed","https://www.onlinegamblingcanada.com/news/ontario-igaming-four-years-what-changed"
"https://www.onlinegamblingcanada.com/_next/static/chunks/app/ontario-casino-apps/page-2b85daa682f88e8e.js?dpl=dpl_Ehp7b1UDjLjutcowjrX6zNdvYFoX","application/javascript; charset=utf-8","200","OK","Indexable","","","142","","https://www.onlinegamblingcanada.com/_next/static/chunks/app/ontario-casino-apps/page-2b85daa682f88e8e.js?dpl=dpl_Ehp7b1UDjLjutcowjrX6zNdvYFoX"
