"Address","Status Code","Status","HTML Word Count","Rendered HTML Word Count","Word Count Change","JS Word Count %","HTML Title","Rendered HTML Title","HTML H1","Rendered HTML H1","HTML Meta Description","Rendered HTML Meta Description","HTML Canonical","Rendered HTML Canonical","Unique Inlinks","Unique JS Inlinks","Unique Outlinks","Unique JS Outlinks","Unique External Outlinks","Unique External JS Outlinks","HTML Meta Robots 1","Rendered HTML Meta Robots 1","Pretty URL","Ugly URL","JS Error","JS Warning","JS Info","JS Debug","JS Issue"
"https://www.onlinegamblingcanada.com/","200","OK","1610","0","","","Online Gambling Canada — Sportsbooks & Online Casinos Canada 2025","","Top Legal Online Betting Sites for Canada 2025","","Discover top-rated online casinos and sportsbooks in Canada. Expert reviews, gambling news, and guides for safe, legal online betting.","","https://www.onlinegamblingcanada.com/","","55","0","37","0","10","0","index, follow, max-image-preview:large","","https://www.onlinegamblingcanada.com/","https://www.onlinegamblingcanada.com/","","","","",""
"https://www.onlinegamblingcanada.com/news/alberta-igaming-launch-what-it-means-for-players","200","OK","1076","0","","","Alberta's iGaming Launch: What It Means for Players | Online Gambling Canada","","Alberta's iGaming Launch: What It Means for Players","","Alberta has opened its regulated online gambling market to private operators. Here is what the new framework changes for Canadian players and how to bet safely.","","https://www.onlinegamblingcanada.com/news/alberta-igaming-launch-what-it-means-for-players","","3","0","25","0","0","0","index, follow, max-image-preview:large","","https://www.onlinegamblingcanada.com/news/alberta-igaming-launch-what-it-means-for-players","https://www.onlinegamblingcanada.com/news/alberta-igaming-launch-what-it-means-for-players","","","","",""
"https://www.onlinegamblingcanada.com/news/blackjack-strategy-guide-for-canadian-players","200","OK","1193","0","","","Blackjack Strategy Guide for Canadian Players | Online Gambling Canada","","Blackjack Strategy Guide for Canadian Players","","A clear blackjack strategy guide for Canadian players: how basic strategy works, which bets to avoid, and how to lower the house edge on every hand.","","https://www.onlinegamblingcanada.com/news/blackjack-strategy-guide-for-canadian-players","","4","0","27","0","0","0","index, follow, max-image-preview:large","","https://www.onlinegamblingcanada.com/news/blackjack-strategy-guide-for-canadian-players","https://www.onlinegamblingcanada.com/news/blackjack-strategy-guide-for-canadian-players","","","","",""
"https://www.onlinegamblingcanada.com/games/bingo","200","OK","192","0","","","Best Online Bingo Sites for Canadians 2025 | Online Gambling Canada","","Best Online Bingo Sites for Canadians 2025","","A social, low-stakes favourite. Discover the best rooms, chat games and jackpot bingo for Canadians.","","https://www.onlinegamblingcanada.com/games/bingo","","55","0","25","0","3","0","index, follow, max-image-preview:large","","https://www.onlinegamblingcanada.com/games/bingo","https://www.onlinegamblingcanada.com/games/bingo","","","","",""
"https://www.onlinegamblingcanada.com/reviews","200","OK","644","0","","","Independent Online Casino & Sportsbook Reviews (2025) | Online Gambling Canada","","Online Sportsbook & Casino Reviews","","Independent, expert reviews and ratings of online casinos and sportsbooks for Canadian players — covering licensing, payouts, games, support and security.","","https://www.onlinegamblingcanada.com/reviews","","55","0","38","0","13","0","index, follow, max-image-preview:large","","https://www.onlinegamblingcanada.com/reviews","https://www.onlinegamblingcanada.com/reviews","","","","",""
"https://www.onlinegamblingcanada.com/games/blackjack","200","OK","197","0","","","The Basics of Blackjack | Online Gambling Canada","","The Basics of Blackjack","","Master basic strategy to bring blackjack’s house edge down to under 1% — one of the best odds in any casino.","","https://www.onlinegamblingcanada.com/games/blackjack","","55","0","25","0","3","0","index, follow, max-image-preview:large","","https://www.onlinegamblingcanada.com/games/blackjack","https://www.onlinegamblingcanada.com/games/blackjack","","","","",""
"https://www.onlinegamblingcanada.com/news","200","OK","549","0","","","Canadian Online Gambling News & Market Updates | Online Gambling Canada","","Canadian Gambling News","","The latest online gambling news for Canada — casino launches, sports betting trends, regulation updates and provincial market data.","","https://www.onlinegamblingcanada.com/news","","55","0","39","0","0","0","index, follow, max-image-preview:large","","https://www.onlinegamblingcanada.com/news","https://www.onlinegamblingcanada.com/news","","","","",""
"https://www.onlinegamblingcanada.com/reviews/cazimbo-sport","200","OK","148","0","","","Cazimbo Sport Review 2025 — Bonus, Rating & Verdict | Online Gambling Canada","","Cazimbo Sport Review","","Our expert Cazimbo Sport review for Canadian players: 100% up to $150. Rated 4.3/5 for licensing, sportsbook quality, banking and support.","","https://www.onlinegamblingcanada.com/reviews/cazimbo-sport","","5","0","24","0","1","0","index, follow, max-image-preview:large","","https://www.onlinegamblingcanada.com/reviews/cazimbo-sport","https://www.onlinegamblingcanada.com/reviews/cazimbo-sport","","","","",""
"https://www.onlinegamblingcanada.com/reviews/draftkings-casino","200","OK","155","0","","","DraftKings Casino Review 2025 — Bonus, Rating & Verdict | Online Gambling Canada","","DraftKings Casino Review","","Our expert DraftKings Casino review for Canadian players: New player casino offer. Rated 4.8/5 for licensing, casino quality, banking and support.","","https://www.onlinegamblingcanada.com/reviews/draftkings-casino","","5","0","24","0","1","0","index, follow, max-image-preview:large","","https://www.onlinegamblingcanada.com/reviews/draftkings-casino","https://www.onlinegamblingcanada.com/reviews/draftkings-casino","","","","",""
"https://www.onlinegamblingcanada.com/games/poker","200","OK","193","0","","","Best Online Poker Sites in Canada 2025 | Online Gambling Canada","","Best Online Poker Sites in Canada 2025","","A game of skill against other players. Find soft cash games, big tournaments and Ontario-regulated rooms.","","https://www.onlinegamblingcanada.com/games/poker","","55","0","25","0","3","0","index, follow, max-image-preview:large","","https://www.onlinegamblingcanada.com/games/poker","https://www.onlinegamblingcanada.com/games/poker","","","","",""
"https://www.onlinegamblingcanada.com/news/nfl-2026-betting-guide-for-canadian-bettors","200","OK","1147","0","","","NFL 2026 Betting Guide for Canadian Bettors | Online Gambling Canada","","NFL 2026 Betting Guide for Canadian Bettors","","Your NFL 2026 betting guide for Canada: the key markets, where the value hides, bankroll tips and how to line shop across the top Canadian sportsbooks.","","https://www.onlinegamblingcanada.com/news/nfl-2026-betting-guide-for-canadian-bettors","","3","0","25","0","0","0","index, follow, max-image-preview:large","","https://www.onlinegamblingcanada.com/news/nfl-2026-betting-guide-for-canadian-bettors","https://www.onlinegamblingcanada.com/news/nfl-2026-betting-guide-for-canadian-bettors","","","","",""
"https://www.onlinegamblingcanada.com/news/no-wagering-casino-bonuses-in-canada-explained","200","OK","1109","0","","","No-Wagering Casino Bonuses in Canada Explained | Online Gambling Canada","","No-Wagering Casino Bonuses in Canada Explained","","No-wagering casino bonuses let Canadians keep what they win. Here is how they work, why they beat sticky bonuses, and what to check before you claim one.","","https://www.onlinegamblingcanada.com/news/no-wagering-casino-bonuses-in-canada-explained","","4","0","27","0","0","0","index, follow, max-image-preview:large","","https://www.onlinegamblingcanada.com/news/no-wagering-casino-bonuses-in-canada-explained","https://www.onlinegamblingcanada.com/news/no-wagering-casino-bonuses-in-canada-explained","","","","",""
"https://www.onlinegamblingcanada.com/sports-betting/ontario","200","OK","561","0","","","Best Sports Betting Sites in Ontario 2026 | Online Gambling Canada","","Best Sports Betting Sites in Ontario","","Compare the best legal online sportsbooks in Ontario. Odds, markets, bonuses, banking and payout speed, reviewed for Ontario bettors in 2026.","","https://www.onlinegamblingcanada.com/sports-betting/ontario","","55","0","29","0","6","0","index, follow, max-image-preview:large","","https://www.onlinegamblingcanada.com/sports-betting/ontario","https://www.onlinegamblingcanada.com/sports-betting/ontario","","","","",""
"https://www.onlinegamblingcanada.com/games/video-poker","200","OK","199","0","","","Video Poker Strategy & Best Machines | Online Gambling Canada","","Video Poker Strategy & Best Machines","","Full-pay video poker offers some of the highest returns in the casino when played with correct strategy.","","https://www.onlinegamblingcanada.com/games/video-poker","","55","0","25","0","3","0","index, follow, max-image-preview:large","","https://www.onlinegamblingcanada.com/games/video-poker","https://www.onlinegamblingcanada.com/games/video-poker","","","","",""
"https://www.onlinegamblingcanada.com/contact","200","OK","61","0","","","Contact Us | Online Gambling Canada","","Get in touch","","Get in touch with the OnlineGamblingCanada.com editorial team — feedback, corrections and partnership enquiries.","","https://www.onlinegamblingcanada.com/contact","","55","0","24","0","0","0","index, follow, max-image-preview:large","","https://www.onlinegamblingcanada.com/contact","https://www.onlinegamblingcanada.com/contact","","","","",""
"https://www.onlinegamblingcanada.com/games/roulette","200","OK","193","0","","","Roulette Guide for Canadian Players | Online Gambling Canada","","Roulette Guide for Canadian Players","","European roulette returns 97.3% versus 94.7% for American — a simple choice that improves your odds.","","https://www.onlinegamblingcanada.com/games/roulette","","55","0","25","0","3","0","index, follow, max-image-preview:large","","https://www.onlinegamblingcanada.com/games/roulette","https://www.onlinegamblingcanada.com/games/roulette","","","","",""
"https://www.onlinegamblingcanada.com/reviews/cazimbo-casino","200","OK","173","0","","","Cazimbo Casino Review 2025 — Bonus, Rating & Verdict | Online Gambling Canada","","Cazimbo Casino Review","","Our expert Cazimbo Casino review for Canadian players: 100% up to $750 + 200 Free Spins + 1 Bonus Crab. Rated 4.8/5 for licensing, casino quality, banking and support.","","https://www.onlinegamblingcanada.com/reviews/cazimbo-casino","","12","0","24","0","1","0","index, follow, max-image-preview:large","","https://www.onlinegamblingcanada.com/reviews/cazimbo-casino","https://www.onlinegamblingcanada.com/reviews/cazimbo-casino","","","","",""
"https://www.onlinegamblingcanada.com/reviews/campeonbet-sports","200","OK","152","0","","","Campeonbet Sport Review 2025 — Bonus, Rating & Verdict | Online Gambling Canada","","Campeonbet Sport Review","","Our expert Campeonbet Sport review for Canadian players: 100% up to $100. Rated 4.3/5 for licensing, sportsbook quality, banking and support.","","https://www.onlinegamblingcanada.com/reviews/campeonbet-sports","","7","0","24","0","1","0","index, follow, max-image-preview:large","","https://www.onlinegamblingcanada.com/reviews/campeonbet-sports","https://www.onlinegamblingcanada.com/reviews/campeonbet-sports","","","","",""
"https://www.onlinegamblingcanada.com/reviews/highroller-casino","200","OK","160","0","","","Highroller Casino Review 2025 — Bonus, Rating & Verdict | Online Gambling Canada","","Highroller Casino Review","","Our expert Highroller Casino review for Canadian players: 100% up to $2,000. Rated 5/5 for licensing, casino quality, banking and support.","","https://www.onlinegamblingcanada.com/reviews/highroller-casino","","55","0","24","0","1","0","index, follow, max-image-preview:large","","https://www.onlinegamblingcanada.com/reviews/highroller-casino","https://www.onlinegamblingcanada.com/reviews/highroller-casino","","","","",""
"https://www.onlinegamblingcanada.com/sports-betting/alberta","200","OK","511","0","","","Best Sports Betting Sites in Alberta 2026 | Online Gambling Canada","","Best Sports Betting Sites in Alberta","","Compare the best legal online sportsbooks in Alberta. Odds, markets, bonuses, banking and payout speed, reviewed for Alberta bettors in 2026.","","https://www.onlinegamblingcanada.com/sports-betting/alberta","","55","0","29","0","6","0","index, follow, max-image-preview:large","","https://www.onlinegamblingcanada.com/sports-betting/alberta","https://www.onlinegamblingcanada.com/sports-betting/alberta","","","","",""
"https://www.onlinegamblingcanada.com/reviews/campobet-sports","200","OK","147","0","","","Campobet Sports Review 2025 — Bonus, Rating & Verdict | Online Gambling Canada","","Campobet Sports Review","","Our expert Campobet Sports review for Canadian players: 100% up to $100. Rated 4/5 for licensing, sportsbook quality, banking and support.","","https://www.onlinegamblingcanada.com/reviews/campobet-sports","","5","0","24","0","1","0","index, follow, max-image-preview:large","","https://www.onlinegamblingcanada.com/reviews/campobet-sports","https://www.onlinegamblingcanada.com/reviews/campobet-sports","","","","",""
"https://www.onlinegamblingcanada.com/reviews/888casino","200","OK","168","0","","","888 Casino Review 2025 — Bonus, Rating & Verdict | Online Gambling Canada","","888 Casino Review","","Our expert 888 Casino review for Canadian players: Welcome offer for new Canadian players. Rated 5/5 for licensing, casino quality, banking and support.","","https://www.onlinegamblingcanada.com/reviews/888casino","","55","0","24","0","1","0","index, follow, max-image-preview:large","","https://www.onlinegamblingcanada.com/reviews/888casino","https://www.onlinegamblingcanada.com/reviews/888casino","","","","",""
"https://www.onlinegamblingcanada.com/sports-betting","200","OK","444","0","","","Best Real Money Online Sportsbooks in Canada 2025 | Online Gambling Canada","","Best Real Money Online Sportsbooks in Canada","","Compare the best online sportsbooks in Canada for NHL, NFL, NBA and soccer betting. Rated for odds, markets, live betting, bonuses and payout speed.","","https://www.onlinegamblingcanada.com/sports-betting","","55","0","29","0","6","0","index, follow, max-image-preview:large","","https://www.onlinegamblingcanada.com/sports-betting","https://www.onlinegamblingcanada.com/sports-betting","","","","",""
"https://www.onlinegamblingcanada.com/reviews/jackpotcity-casino","200","OK","163","0","","","JackpotCity Casino Review 2025 — Bonus, Rating & Verdict | Online Gambling Canada","","JackpotCity Casino Review","","Our expert JackpotCity Casino review for Canadian players: Top welcome bonus for Canadian bettors. Rated 4.3/5 for licensing, casino quality, banking and support.","","https://www.onlinegamblingcanada.com/reviews/jackpotcity-casino","","55","0","25","0","0","0","index, follow, max-image-preview:large","","https://www.onlinegamblingcanada.com/reviews/jackpotcity-casino","https://www.onlinegamblingcanada.com/reviews/jackpotcity-casino","","","","",""
"https://www.onlinegamblingcanada.com/reviews/playojo-casino","200","OK","261","0","","","PlayOJO Casino Review 2025 — Bonus, Rating & Verdict | Online Gambling Canada","","PlayOJO Casino Review","","Our expert PlayOJO Casino review for Canadian players: Fair-play free spins, no wagering. Rated 4.6/5 for licensing, casino quality, banking and support.","","https://www.onlinegamblingcanada.com/reviews/playojo-casino","","55","0","24","0","0","0","index, follow, max-image-preview:large","","https://www.onlinegamblingcanada.com/reviews/playojo-casino","https://www.onlinegamblingcanada.com/reviews/playojo-casino","","","","",""
"https://www.onlinegamblingcanada.com/reviews/draftkings-sport","200","OK","155","0","","","DraftKings Sport Review 2025 — Bonus, Rating & Verdict | Online Gambling Canada","","DraftKings Sport Review","","Our expert DraftKings Sport review for Canadian players: New player sportsbook offer. Rated 4.8/5 for licensing, sportsbook quality, banking and support.","","https://www.onlinegamblingcanada.com/reviews/draftkings-sport","","5","0","24","0","1","0","index, follow, max-image-preview:large","","https://www.onlinegamblingcanada.com/reviews/draftkings-sport","https://www.onlinegamblingcanada.com/reviews/draftkings-sport","","","","",""
"https://www.onlinegamblingcanada.com/about","200","OK","163","0","","","About Us — Independent Canadian Gambling Experts | Online Gambling Canada","","We find safe, best-in-class gambling sites for Canadians","","For over a decade, OnlineGamblingCanada.com has published independent casino reviews, sportsbook ratings and gambling news to keep Canadian players safe and informed.","","https://www.onlinegamblingcanada.com/about","","55","0","24","0","0","0","index, follow, max-image-preview:large","","https://www.onlinegamblingcanada.com/about","https://www.onlinegamblingcanada.com/about","","","","",""
"https://www.onlinegamblingcanada.com/reviews/betinia-sports","200","OK","398","0","","","Betinia Sports Review 2025 — Bonus, Rating & Verdict | Online Gambling Canada","","Betinia Sports Review","","Our expert Betinia Sports review for Canadian players: 100% up to $150. Rated 4.8/5 for licensing, sportsbook quality, banking and support.","","https://www.onlinegamblingcanada.com/reviews/betinia-sports","","55","0","24","0","1","0","index, follow, max-image-preview:large","","https://www.onlinegamblingcanada.com/reviews/betinia-sports","https://www.onlinegamblingcanada.com/reviews/betinia-sports","","","","",""
"https://www.onlinegamblingcanada.com/casino","200","OK","543","0","","","Best Real Money Online Casinos in Canada 2025 | Online Gambling Canada","","Best Real Money Online Casinos in Canada","","Compare the best real-money online casinos in Canada. Expert-rated for licensing, bonuses, game selection, payout speed and mobile play. Updated for 2025.","","https://www.onlinegamblingcanada.com/casino","","55","0","29","0","6","0","index, follow, max-image-preview:large","","https://www.onlinegamblingcanada.com/casino","https://www.onlinegamblingcanada.com/casino","","","","",""
"https://www.onlinegamblingcanada.com/games/slots","200","OK","209","0","","","How to Play Slots Online: A Beginner’s Guide to Winning | Online Gambling Canada","","How to Play Slots Online: A Beginner’s Guide to Winning","","Online slots are the most popular casino game in Canada and carry the highest RTP — often up to 99%. Learn paylines, volatility and jackpots.","","https://www.onlinegamblingcanada.com/games/slots","","55","0","25","0","3","0","index, follow, max-image-preview:large","","https://www.onlinegamblingcanada.com/games/slots","https://www.onlinegamblingcanada.com/games/slots","","","","",""
"https://www.onlinegamblingcanada.com/games","200","OK","173","0","","","Casino Games Guides — Slots, Blackjack, Roulette & More | Online Gambling Canada","","Casino Game Guides for Canadian Players","","Learn how to play and win at Canada’s most popular casino games. Rules, odds, RTP and strategy for slots, blackjack, roulette, poker, video poker and bingo.","","https://www.onlinegamblingcanada.com/games","","55","0","24","0","0","0","index, follow, max-image-preview:large","","https://www.onlinegamblingcanada.com/games","https://www.onlinegamblingcanada.com/games","","","","",""
"https://www.onlinegamblingcanada.com/sports-betting-understanding-the-basics","200","OK","214","0","","","Sports Betting: Understanding the Basics | Online Gambling Canada","","Sports Betting: Understanding the Basics","","New to sports betting in Canada? Learn the essentials — odds formats, bet types, bankroll management and how to read a line — in our beginner’s guide.","","https://www.onlinegamblingcanada.com/sports-betting-understanding-the-basics","","55","0","24","0","0","0","index, follow, max-image-preview:large","","https://www.onlinegamblingcanada.com/sports-betting-understanding-the-basics","https://www.onlinegamblingcanada.com/sports-betting-understanding-the-basics","","","","",""
"https://www.onlinegamblingcanada.com/news/crypto-casino-deposits-in-canada-a-practical-guide","200","OK","1089","0","","","Crypto Casino Deposits in Canada: A Practical Guide | Online Gambling Canada","","Crypto Casino Deposits in Canada: A Practical Guide","","How crypto casino deposits work for Canadian players: choosing a coin, funding your account, withdrawal speeds, fees and the safety checks that matter.","","https://www.onlinegamblingcanada.com/news/crypto-casino-deposits-in-canada-a-practical-guide","","2","0","26","0","0","0","index, follow, max-image-preview:large","","https://www.onlinegamblingcanada.com/news/crypto-casino-deposits-in-canada-a-practical-guide","https://www.onlinegamblingcanada.com/news/crypto-casino-deposits-in-canada-a-practical-guide","","","","",""
"https://www.onlinegamblingcanada.com/news/nhl-betting-value-canada-2026-27","200","OK","1129","0","","","NHL Betting 2026-27: Where Canadians Get the Best Value This Season | Online Gambling Canada","","NHL Betting 2026-27: Where Canadians Get the Best Value This Season","","Hockey season is back. Here is how Canadian bettors can find the sharpest NHL odds, the best markets and real value at the country's top sportsbooks.","","https://www.onlinegamblingcanada.com/news/nhl-betting-value-canada-2026-27","","4","0","26","0","0","0","index, follow, max-image-preview:large","","https://www.onlinegamblingcanada.com/news/nhl-betting-value-canada-2026-27","https://www.onlinegamblingcanada.com/news/nhl-betting-value-canada-2026-27","","","","",""
"https://www.onlinegamblingcanada.com/crypto","200","OK","300","0","","","Crypto Gambling in Canada — Best Bitcoin Casinos & Sportsbooks | Online Gambling Canada","","Crypto Gambling in Canada","","A guide to crypto gambling in Canada. How Bitcoin and other cryptocurrencies work at online casinos and sportsbooks, plus the top crypto-friendly operators.","","https://www.onlinegamblingcanada.com/crypto","","55","0","27","0","5","0","index, follow, max-image-preview:large","","https://www.onlinegamblingcanada.com/crypto","https://www.onlinegamblingcanada.com/crypto","","","","",""
"https://www.onlinegamblingcanada.com/reviews/spin-casino","200","OK","249","0","","","Spin Casino Review 2025 — Bonus, Rating & Verdict | Online Gambling Canada","","Spin Casino Review","","Our expert Spin Casino review for Canadian players: Tiered welcome bonus across first deposits. Rated 4.4/5 for licensing, casino quality, banking and support.","","https://www.onlinegamblingcanada.com/reviews/spin-casino","","55","0","24","0","0","0","index, follow, max-image-preview:large","","https://www.onlinegamblingcanada.com/reviews/spin-casino","https://www.onlinegamblingcanada.com/reviews/spin-casino","","","","",""
"https://www.onlinegamblingcanada.com/reviews/riseofbets-casino","200","OK","155","0","","","RiseOfBets Casino Review 2025 — Bonus, Rating & Verdict | Online Gambling Canada","","RiseOfBets Casino Review","","Our expert RiseOfBets Casino review for Canadian players: 100% up to $1,000 + 1,000 Free Spins. Rated 4.3/5 for licensing, casino quality, banking and support.","","https://www.onlinegamblingcanada.com/reviews/riseofbets-casino","","5","0","24","0","1","0","index, follow, max-image-preview:large","","https://www.onlinegamblingcanada.com/reviews/riseofbets-casino","https://www.onlinegamblingcanada.com/reviews/riseofbets-casino","","","","",""
"https://www.onlinegamblingcanada.com/best-mobile-casinos-in-canada","200","OK","721","0","","","Best Mobile Casinos in Canada 2026 — Top Apps & Sites | Online Gambling Canada","","Best Mobile Casinos in Canada","","Compare the best mobile casinos in Canada for 2026. Play top slots and live dealer games on iOS and Android with fast Interac payments and CAD support.","","https://www.onlinegamblingcanada.com/best-mobile-casinos-in-canada","","3","0","28","0","5","0","index, follow, max-image-preview:large","","https://www.onlinegamblingcanada.com/best-mobile-casinos-in-canada","https://www.onlinegamblingcanada.com/best-mobile-casinos-in-canada","","","","",""
"https://www.onlinegamblingcanada.com/news/canada-s-online-poker-shows-steady-growth","200","OK","126","0","","","Online Poker in Canada Sees Steady Growth – Here’s Why | Online Gambling Canada","","Online Poker in Canada Sees Steady Growth – Here’s Why","","Online poker is quietly growing in Canada, powered by regulated rooms and a healthy tournament scene.","","https://www.onlinegamblingcanada.com/news/canada-s-online-poker-shows-steady-growth","","1","0","25","0","0","0","index, follow, max-image-preview:large","","https://www.onlinegamblingcanada.com/news/canada-s-online-poker-shows-steady-growth","https://www.onlinegamblingcanada.com/news/canada-s-online-poker-shows-steady-growth","","","","",""
"https://www.onlinegamblingcanada.com/news/ontario-online-casino-handle-hits-89-as-sports-betting-slows","200","OK","145","0","","","Ontario Online Casino Handle Jumps to 89% as Sports Betting Slows | Online Gambling Canada","","Ontario Online Casino Handle Jumps to 89% as Sports Betting Slows","","New provincial data shows Ontario’s online casino handle surging while sports betting volumes soften.","","https://www.onlinegamblingcanada.com/news/ontario-online-casino-handle-hits-89-as-sports-betting-slows","","3","0","26","0","0","0","index, follow, max-image-preview:large","","https://www.onlinegamblingcanada.com/news/ontario-online-casino-handle-hits-89-as-sports-betting-slows","https://www.onlinegamblingcanada.com/news/ontario-online-casino-handle-hits-89-as-sports-betting-slows","","","","",""
"https://www.onlinegamblingcanada.com/news/top-canadian-sportsbooks-for-nfl-and-nhl","200","OK","141","0","","","Best Canadian Sportsbooks for NFL & NHL Betting This Season | Online Gambling Canada","","Best Canadian Sportsbooks for NFL & NHL Betting This Season","","The sportsbooks offering the sharpest odds and deepest markets for NFL and NHL bettors in Canada this season.","","https://www.onlinegamblingcanada.com/news/top-canadian-sportsbooks-for-nfl-and-nhl","","2","0","26","0","0","0","index, follow, max-image-preview:large","","https://www.onlinegamblingcanada.com/news/top-canadian-sportsbooks-for-nfl-and-nhl","https://www.onlinegamblingcanada.com/news/top-canadian-sportsbooks-for-nfl-and-nhl","","","","",""
"https://www.onlinegamblingcanada.com/news/esports-betting-in-canada-trend-or-fad","200","OK","155","0","","","Esports Betting in Canada – Growing Trend or Passing Fad? | Online Gambling Canada","","Esports Betting in Canada – Growing Trend or Passing Fad?","","Esports betting is drawing younger Canadian bettors. Is it a lasting shift or a short-lived novelty?","","https://www.onlinegamblingcanada.com/news/esports-betting-in-canada-trend-or-fad","","3","0","26","0","0","0","index, follow, max-image-preview:large","","https://www.onlinegamblingcanada.com/news/esports-betting-in-canada-trend-or-fad","https://www.onlinegamblingcanada.com/news/esports-betting-in-canada-trend-or-fad","","","","",""
"https://www.onlinegamblingcanada.com/news/canadian-online-casino-bonuses-2025-top-offers","200","OK","156","0","","","Canadian Online Casino Bonuses 2025 – Best Offers Right Now | Online Gambling Canada","","Canadian Online Casino Bonuses 2025 – Best Offers Right Now","","From match deposits to free spins, here are the online casino bonuses Canadian players should have on their radar this month.","","https://www.onlinegamblingcanada.com/news/canadian-online-casino-bonuses-2025-top-offers","","3","0","26","0","0","0","index, follow, max-image-preview:large","","https://www.onlinegamblingcanada.com/news/canadian-online-casino-bonuses-2025-top-offers","https://www.onlinegamblingcanada.com/news/canadian-online-casino-bonuses-2025-top-offers","","","","",""
"https://www.onlinegamblingcanada.com/news/canada-sports-betting-slows-will-nfl-revive","200","OK","179","0","","","Sports Betting in Canada Slows – Will NFL Season Spark a Comeback? | Online Gambling Canada","","Sports Betting in Canada Slows – Will NFL Season Spark a Comeback?","","Canadian sports betting has cooled in recent months. Could the new NFL season reignite handle at the country’s top sportsbooks?","","https://www.onlinegamblingcanada.com/news/canada-sports-betting-slows-will-nfl-revive","","3","0","26","0","0","0","index, follow, max-image-preview:large","","https://www.onlinegamblingcanada.com/news/canada-sports-betting-slows-will-nfl-revive","https://www.onlinegamblingcanada.com/news/canada-sports-betting-slows-will-nfl-revive","","","","",""
"https://www.onlinegamblingcanada.com/reviews/betbeast-sport","200","OK","146","0","","","BetBeast Sport Review 2025 — Bonus, Rating & Verdict | Online Gambling Canada","","BetBeast Sport Review","","Our expert BetBeast Sport review for Canadian players: 100% up to $5,000. Rated 3.8/5 for licensing, sportsbook quality, banking and support.","","https://www.onlinegamblingcanada.com/reviews/betbeast-sport","","4","0","24","0","1","0","index, follow, max-image-preview:large","","https://www.onlinegamblingcanada.com/reviews/betbeast-sport","https://www.onlinegamblingcanada.com/reviews/betbeast-sport","","","","",""
"https://www.onlinegamblingcanada.com/reviews/bitkingz-casino","200","OK","158","0","","","Bitkingz Casino Review 2025 — Bonus, Rating & Verdict | Online Gambling Canada","","Bitkingz Casino Review","","Our expert Bitkingz Casino review for Canadian players: 100% up to $4,500 + 225 Free Spins. Rated 4/5 for licensing, casino quality, banking and support.","","https://www.onlinegamblingcanada.com/reviews/bitkingz-casino","","3","0","24","0","1","0","index, follow, max-image-preview:large","","https://www.onlinegamblingcanada.com/reviews/bitkingz-casino","https://www.onlinegamblingcanada.com/reviews/bitkingz-casino","","","","",""
"https://www.onlinegamblingcanada.com/reviews/neospin-casino","200","OK","275","0","","","Neospin Casino Review 2025 — Bonus, Rating & Verdict | Online Gambling Canada","","Neospin Casino Review","","Our expert Neospin Casino review for Canadian players: Multi-tier welcome bonus + free spins. Rated 4.1/5 for licensing, casino quality, banking and support.","","https://www.onlinegamblingcanada.com/reviews/neospin-casino","","1","0","24","0","0","0","index, follow, max-image-preview:large","","https://www.onlinegamblingcanada.com/reviews/neospin-casino","https://www.onlinegamblingcanada.com/reviews/neospin-casino","","","","",""
"https://www.onlinegamblingcanada.com/reviews/lucky7even-casino","200","OK","311","0","","","Lucky7even Casino Review 2025 — Bonus, Rating & Verdict | Online Gambling Canada","","Lucky7even Casino Review","","Our expert Lucky7even Casino review for Canadian players: Welcome package for new Canadian players. Rated 4.2/5 for licensing, casino quality, banking and support.","","https://www.onlinegamblingcanada.com/reviews/lucky7even-casino","","1","0","24","0","0","0","index, follow, max-image-preview:large","","https://www.onlinegamblingcanada.com/reviews/lucky7even-casino","https://www.onlinegamblingcanada.com/reviews/lucky7even-casino","","","","",""
"https://www.onlinegamblingcanada.com/reviews/888-poker-ontario","200","OK","162","0","","","888 Poker Ontario Review 2025 — Bonus, Rating & Verdict | Online Gambling Canada","","888 Poker Ontario Review","","Our expert 888 Poker Ontario review for Canadian players: $20 free + 100% up to $1,000. Rated 5/5 for licensing, poker quality, banking and support.","","https://www.onlinegamblingcanada.com/reviews/888-poker-ontario","","2","0","24","0","1","0","index, follow, max-image-preview:large","","https://www.onlinegamblingcanada.com/reviews/888-poker-ontario","https://www.onlinegamblingcanada.com/reviews/888-poker-ontario","","","","",""
"https://www.onlinegamblingcanada.com/reviews/las-vegas-casino","200","OK","221","0","","","Las Vegas Casino Review 2025 — Bonus, Rating & Verdict | Online Gambling Canada","","Las Vegas Casino Review","","Our expert Las Vegas Casino review for Canadian players: New player welcome bonus. Rated 3.9/5 for licensing, casino quality, banking and support.","","https://www.onlinegamblingcanada.com/reviews/las-vegas-casino","","1","0","24","0","0","0","index, follow, max-image-preview:large","","https://www.onlinegamblingcanada.com/reviews/las-vegas-casino","https://www.onlinegamblingcanada.com/reviews/las-vegas-casino","","","","",""
"https://www.onlinegamblingcanada.com/news/ontario-exclusive-slots-worth-playing","200","OK","148","0","","","Exclusive Slots Launch in Ontario – Are They Worth Playing? | Online Gambling Canada","","Exclusive Slots Launch in Ontario – Are They Worth Playing?","","Ontario-exclusive slots are arriving at regulated casinos. We look at whether these new titles are worth your spins.","","https://www.onlinegamblingcanada.com/news/ontario-exclusive-slots-worth-playing","","3","0","26","0","0","0","index, follow, max-image-preview:large","","https://www.onlinegamblingcanada.com/news/ontario-exclusive-slots-worth-playing","https://www.onlinegamblingcanada.com/news/ontario-exclusive-slots-worth-playing","","","","",""
"https://www.onlinegamblingcanada.com/news/rise-of-live-dealer-games-in-canada","200","OK","148","0","","","The Rise of Live Dealer Games in Canadian Online Casinos | Online Gambling Canada","","The Rise of Live Dealer Games in Canadian Online Casinos","","Live dealer games are booming in Canada, blending online convenience with the atmosphere of a real casino table.","","https://www.onlinegamblingcanada.com/news/rise-of-live-dealer-games-in-canada","","3","0","26","0","0","0","index, follow, max-image-preview:large","","https://www.onlinegamblingcanada.com/news/rise-of-live-dealer-games-in-canada","https://www.onlinegamblingcanada.com/news/rise-of-live-dealer-games-in-canada","","","","",""
"https://www.onlinegamblingcanada.com/top-10-most-searched-online-casino-games-in-canada","200","OK","412","0","","","Top 10 Most Searched Online Casino Games in Canada 2026 | Online Gambling Canada","","Top 10 Most Searched Online Casino Games in Canada","","The most popular online casino games among Canadian players in 2026 — from slots and blackjack to roulette, poker and live dealer, with RTP and where to play.","","https://www.onlinegamblingcanada.com/top-10-most-searched-online-casino-games-in-canada","","1","0","24","0","0","0","index, follow, max-image-preview:large","","https://www.onlinegamblingcanada.com/top-10-most-searched-online-casino-games-in-canada","https://www.onlinegamblingcanada.com/top-10-most-searched-online-casino-games-in-canada","","","","",""
"https://www.onlinegamblingcanada.com/ontario-casino-apps","200","OK","335","0","","","Best Ontario Casino Apps 2026 — Top Regulated iOS & Android | Online Gambling Canada","","Best Ontario Casino Apps","","The best online casino apps for Ontario players in 2026. Regulated by iGaming Ontario, with top slots, live dealer games, Interac banking and fast payouts.","","https://www.onlinegamblingcanada.com/ontario-casino-apps","","1","0","27","0","4","0","index, follow, max-image-preview:large","","https://www.onlinegamblingcanada.com/ontario-casino-apps","https://www.onlinegamblingcanada.com/ontario-casino-apps","","","","",""
"https://www.onlinegamblingcanada.com/news/ontario-igaming-four-years-what-changed","200","OK","1088","0","","","Ontario's iGaming Market Turns Four: What Has Changed for Canadian Players | Online Gambling Canada","","Ontario's iGaming Market Turns Four: What Has Changed for Canadian Players","","Four years after Ontario launched regulated online gambling, we look at how player protection, choice and payouts have changed — and what it means for the rest of Canada.","","https://www.onlinegamblingcanada.com/news/ontario-igaming-four-years-what-changed","","2","0","25","0","0","0","index, follow, max-image-preview:large","","https://www.onlinegamblingcanada.com/news/ontario-igaming-four-years-what-changed","https://www.onlinegamblingcanada.com/news/ontario-igaming-four-years-what-changed","","","","",""
