"Address","Status Code","Title 1"
"https://www.onlinegamblingcanada.com/","200","Online Gambling Canada — Sportsbooks & Online Casinos Canada 2025"
"https://www.onlinegamblingcanada.com/news/alberta-igaming-launch-what-it-means-for-players","200","Alberta's iGaming Launch: What It Means for Players | Online Gambling Canada"
"https://www.onlinegamblingcanada.com/news/blackjack-strategy-guide-for-canadian-players","200","Blackjack Strategy Guide for Canadian Players | Online Gambling Canada"
"https://www.onlinegamblingcanada.com/games/bingo","200","Best Online Bingo Sites for Canadians 2025 | Online Gambling Canada"
"https://www.onlinegamblingcanada.com/reviews","200","Independent Online Casino & Sportsbook Reviews (2025) | Online Gambling Canada"
"https://www.onlinegamblingcanada.com/games/blackjack","200","The Basics of Blackjack | Online Gambling Canada"
"https://www.onlinegamblingcanada.com/news","200","Canadian Online Gambling News & Market Updates | Online Gambling Canada"
"https://www.onlinegamblingcanada.com/reviews/cazimbo-sport","200","Cazimbo Sport Review 2025 — Bonus, Rating & Verdict | Online Gambling Canada"
"https://www.onlinegamblingcanada.com/reviews/draftkings-casino","200","DraftKings Casino Review 2025 — Bonus, Rating & Verdict | Online Gambling Canada"
"https://www.onlinegamblingcanada.com/games/poker","200","Best Online Poker Sites in Canada 2025 | Online Gambling Canada"
"https://www.onlinegamblingcanada.com/news/nfl-2026-betting-guide-for-canadian-bettors","200","NFL 2026 Betting Guide for Canadian Bettors | Online Gambling Canada"
"https://www.onlinegamblingcanada.com/news/no-wagering-casino-bonuses-in-canada-explained","200","No-Wagering Casino Bonuses in Canada Explained | Online Gambling Canada"
"https://www.onlinegamblingcanada.com/sports-betting/ontario","200","Best Sports Betting Sites in Ontario 2026 | Online Gambling Canada"
"https://www.onlinegamblingcanada.com/games/video-poker","200","Video Poker Strategy & Best Machines | Online Gambling Canada"
"https://www.onlinegamblingcanada.com/contact","200","Contact Us | Online Gambling Canada"
"https://www.onlinegamblingcanada.com/games/roulette","200","Roulette Guide for Canadian Players | Online Gambling Canada"
"https://www.onlinegamblingcanada.com/reviews/cazimbo-casino","200","Cazimbo Casino Review 2025 — Bonus, Rating & Verdict | Online Gambling Canada"
"https://www.onlinegamblingcanada.com/reviews/campeonbet-sports","200","Campeonbet Sport Review 2025 — Bonus, Rating & Verdict | Online Gambling Canada"
"https://www.onlinegamblingcanada.com/reviews/highroller-casino","200","Highroller Casino Review 2025 — Bonus, Rating & Verdict | Online Gambling Canada"
"https://www.onlinegamblingcanada.com/sports-betting/alberta","200","Best Sports Betting Sites in Alberta 2026 | Online Gambling Canada"
"https://www.onlinegamblingcanada.com/reviews/campobet-sports","200","Campobet Sports Review 2025 — Bonus, Rating & Verdict | Online Gambling Canada"
"https://www.onlinegamblingcanada.com/reviews/888casino","200","888 Casino Review 2025 — Bonus, Rating & Verdict | Online Gambling Canada"
"https://www.onlinegamblingcanada.com/sports-betting","200","Best Real Money Online Sportsbooks in Canada 2025 | Online Gambling Canada"
"https://www.onlinegamblingcanada.com/reviews/jackpotcity-casino","200","JackpotCity Casino Review 2025 — Bonus, Rating & Verdict | Online Gambling Canada"
"https://www.onlinegamblingcanada.com/reviews/playojo-casino","200","PlayOJO Casino Review 2025 — Bonus, Rating & Verdict | Online Gambling Canada"
"https://www.onlinegamblingcanada.com/reviews/draftkings-sport","200","DraftKings Sport Review 2025 — Bonus, Rating & Verdict | Online Gambling Canada"
"https://www.onlinegamblingcanada.com/about","200","About Us — Independent Canadian Gambling Experts | Online Gambling Canada"
"https://www.onlinegamblingcanada.com/reviews/betinia-sports","200","Betinia Sports Review 2025 — Bonus, Rating & Verdict | Online Gambling Canada"
"https://www.onlinegamblingcanada.com/casino","200","Best Real Money Online Casinos in Canada 2025 | Online Gambling Canada"
"https://www.onlinegamblingcanada.com/games/slots","200","How to Play Slots Online: A Beginner’s Guide to Winning | Online Gambling Canada"
"https://www.onlinegamblingcanada.com/games","200","Casino Games Guides — Slots, Blackjack, Roulette & More | Online Gambling Canada"
"https://www.onlinegamblingcanada.com/sports-betting-understanding-the-basics","200","Sports Betting: Understanding the Basics | Online Gambling Canada"
"https://www.onlinegamblingcanada.com/news/crypto-casino-deposits-in-canada-a-practical-guide","200","Crypto Casino Deposits in Canada: A Practical Guide | Online Gambling Canada"
"https://www.onlinegamblingcanada.com/news/nhl-betting-value-canada-2026-27","200","NHL Betting 2026-27: Where Canadians Get the Best Value This Season | Online Gambling Canada"
"https://www.onlinegamblingcanada.com/crypto","200","Crypto Gambling in Canada — Best Bitcoin Casinos & Sportsbooks | Online Gambling Canada"
"https://www.onlinegamblingcanada.com/reviews/spin-casino","200","Spin Casino Review 2025 — Bonus, Rating & Verdict | Online Gambling Canada"
"https://www.onlinegamblingcanada.com/reviews/riseofbets-casino","200","RiseOfBets Casino Review 2025 — Bonus, Rating & Verdict | Online Gambling Canada"
"https://www.onlinegamblingcanada.com/best-mobile-casinos-in-canada","200","Best Mobile Casinos in Canada 2026 — Top Apps & Sites | Online Gambling Canada"
"https://www.onlinegamblingcanada.com/news/canada-s-online-poker-shows-steady-growth","200","Online Poker in Canada Sees Steady Growth – Here’s Why | Online Gambling Canada"
"https://www.onlinegamblingcanada.com/news/ontario-online-casino-handle-hits-89-as-sports-betting-slows","200","Ontario Online Casino Handle Jumps to 89% as Sports Betting Slows | Online Gambling Canada"
"https://www.onlinegamblingcanada.com/news/top-canadian-sportsbooks-for-nfl-and-nhl","200","Best Canadian Sportsbooks for NFL & NHL Betting This Season | Online Gambling Canada"
"https://www.onlinegamblingcanada.com/news/esports-betting-in-canada-trend-or-fad","200","Esports Betting in Canada – Growing Trend or Passing Fad? | Online Gambling Canada"
"https://www.onlinegamblingcanada.com/news/canadian-online-casino-bonuses-2025-top-offers","200","Canadian Online Casino Bonuses 2025 – Best Offers Right Now | Online Gambling Canada"
"https://www.onlinegamblingcanada.com/news/canada-sports-betting-slows-will-nfl-revive","200","Sports Betting in Canada Slows – Will NFL Season Spark a Comeback? | Online Gambling Canada"
"https://www.onlinegamblingcanada.com/reviews/betbeast-sport","200","BetBeast Sport Review 2025 — Bonus, Rating & Verdict | Online Gambling Canada"
"https://www.onlinegamblingcanada.com/reviews/bitkingz-casino","200","Bitkingz Casino Review 2025 — Bonus, Rating & Verdict | Online Gambling Canada"
"https://www.onlinegamblingcanada.com/reviews/neospin-casino","200","Neospin Casino Review 2025 — Bonus, Rating & Verdict | Online Gambling Canada"
"https://www.onlinegamblingcanada.com/reviews/lucky7even-casino","200","Lucky7even Casino Review 2025 — Bonus, Rating & Verdict | Online Gambling Canada"
"https://www.onlinegamblingcanada.com/reviews/888-poker-ontario","200","888 Poker Ontario Review 2025 — Bonus, Rating & Verdict | Online Gambling Canada"
"https://www.onlinegamblingcanada.com/reviews/las-vegas-casino","200","Las Vegas Casino Review 2025 — Bonus, Rating & Verdict | Online Gambling Canada"
"https://www.onlinegamblingcanada.com/news/ontario-exclusive-slots-worth-playing","200","Exclusive Slots Launch in Ontario – Are They Worth Playing? | Online Gambling Canada"
"https://www.onlinegamblingcanada.com/news/rise-of-live-dealer-games-in-canada","200","The Rise of Live Dealer Games in Canadian Online Casinos | Online Gambling Canada"
"https://www.onlinegamblingcanada.com/top-10-most-searched-online-casino-games-in-canada","200","Top 10 Most Searched Online Casino Games in Canada 2026 | Online Gambling Canada"
"https://www.onlinegamblingcanada.com/ontario-casino-apps","200","Best Ontario Casino Apps 2026 — Top Regulated iOS & Android | Online Gambling Canada"
"https://www.onlinegamblingcanada.com/news/ontario-igaming-four-years-what-changed","200","Ontario's iGaming Market Turns Four: What Has Changed for Canadian Players | Online Gambling Canada"
