"Address","Occurrences","Meta Description 1","Meta Description 1 Length","Meta Description 1 Pixel Width","Indexability","Indexability Status"
"https://www.onlinegamblingcanada.com/news/alberta-igaming-launch-what-it-means-for-players","1","Alberta has opened its regulated online gambling market to private operators. Here is what the new framework changes for Canadian players and how to bet safely.","160","1009","Indexable",""
"https://www.onlinegamblingcanada.com/reviews/cazimbo-casino","1","Our expert Cazimbo Casino review for Canadian players: 100% up to $750 + 200 Free Spins + 1 Bonus Crab. Rated 4.8/5 for licensing, casino quality, banking and support.","167","1047","Indexable",""
"https://www.onlinegamblingcanada.com/reviews/jackpotcity-casino","1","Our expert JackpotCity Casino review for Canadian players: Top welcome bonus for Canadian bettors. Rated 4.3/5 for licensing, casino quality, banking and support.","162","1016","Indexable",""
"https://www.onlinegamblingcanada.com/about","1","For over a decade, OnlineGamblingCanada.com has published independent casino reviews, sportsbook ratings and gambling news to keep Canadian players safe and informed.","166","1085","Indexable",""
"https://www.onlinegamblingcanada.com/games","1","Learn how to play and win at Canada’s most popular casino games. Rules, odds, RTP and strategy for slots, blackjack, roulette, poker, video poker and bingo.","156","967","Indexable",""
"https://www.onlinegamblingcanada.com/crypto","1","A guide to crypto gambling in Canada. How Bitcoin and other cryptocurrencies work at online casinos and sportsbooks, plus the top crypto-friendly operators.","156","973","Indexable",""
"https://www.onlinegamblingcanada.com/reviews/spin-casino","1","Our expert Spin Casino review for Canadian players: Tiered welcome bonus across first deposits. Rated 4.4/5 for licensing, casino quality, banking and support.","159","979","Indexable",""
"https://www.onlinegamblingcanada.com/reviews/riseofbets-casino","1","Our expert RiseOfBets Casino review for Canadian players: 100% up to $1,000 + 1,000 Free Spins. Rated 4.3/5 for licensing, casino quality, banking and support.","159","985","Indexable",""
"https://www.onlinegamblingcanada.com/reviews/neospin-casino","1","Our expert Neospin Casino review for Canadian players: Multi-tier welcome bonus + free spins. Rated 4.1/5 for licensing, casino quality, banking and support.","157","965","Indexable",""
"https://www.onlinegamblingcanada.com/reviews/lucky7even-casino","1","Our expert Lucky7even Casino review for Canadian players: Welcome package for new Canadian players. Rated 4.2/5 for licensing, casino quality, banking and support.","163","1032","Indexable",""
"https://www.onlinegamblingcanada.com/top-10-most-searched-online-casino-games-in-canada","1","The most popular online casino games among Canadian players in 2026 — from slots and blackjack to roulette, poker and live dealer, with RTP and where to play.","158","991","Indexable",""
"https://www.onlinegamblingcanada.com/news/ontario-igaming-four-years-what-changed","1","Four years after Ontario launched regulated online gambling, we look at how player protection, choice and payouts have changed — and what it means for the rest of Canada.","170","1071","Indexable",""
