"Address","Errors","Warnings","Rich Result Errors","Rich Result Warnings","Rich Result Features","Feature-1","Total Types","Unique Types","Type-1","Indexability","Indexability Status"
"https://www.onlinegamblingcanada.com/","0","0","0","0","0","","0","0","","Indexable",""
"https://www.onlinegamblingcanada.com/news/alberta-igaming-launch-what-it-means-for-players","0","0","0","0","0","","0","0","","Indexable",""
"https://www.onlinegamblingcanada.com/news/blackjack-strategy-guide-for-canadian-players","0","0","0","0","0","","0","0","","Indexable",""
"https://www.onlinegamblingcanada.com/games/bingo","0","0","0","0","0","","0","0","","Indexable",""
"https://www.onlinegamblingcanada.com/reviews","0","0","0","0","0","","0","0","","Indexable",""
"https://www.onlinegamblingcanada.com/games/blackjack","0","0","0","0","0","","0","0","","Indexable",""
"https://www.onlinegamblingcanada.com/news","0","0","0","0","0","","0","0","","Indexable",""
"https://www.onlinegamblingcanada.com/reviews/cazimbo-sport","0","0","0","0","0","","0","0","","Indexable",""
"https://www.onlinegamblingcanada.com/reviews/draftkings-casino","0","0","0","0","0","","0","0","","Indexable",""
"https://www.onlinegamblingcanada.com/games/poker","0","0","0","0","0","","0","0","","Indexable",""
"https://www.onlinegamblingcanada.com/news/nfl-2026-betting-guide-for-canadian-bettors","0","0","0","0","0","","0","0","","Indexable",""
"https://www.onlinegamblingcanada.com/news/no-wagering-casino-bonuses-in-canada-explained","0","0","0","0","0","","0","0","","Indexable",""
"https://www.onlinegamblingcanada.com/sports-betting/ontario","0","0","0","0","0","","0","0","","Indexable",""
"https://www.onlinegamblingcanada.com/games/video-poker","0","0","0","0","0","","0","0","","Indexable",""
"https://www.onlinegamblingcanada.com/contact","0","0","0","0","0","","0","0","","Indexable",""
"https://www.onlinegamblingcanada.com/games/roulette","0","0","0","0","0","","0","0","","Indexable",""
"https://www.onlinegamblingcanada.com/reviews/cazimbo-casino","0","0","0","0","0","","0","0","","Indexable",""
"https://www.onlinegamblingcanada.com/reviews/campeonbet-sports","0","0","0","0","0","","0","0","","Indexable",""
"https://www.onlinegamblingcanada.com/reviews/highroller-casino","0","0","0","0","0","","0","0","","Indexable",""
"https://www.onlinegamblingcanada.com/sports-betting/alberta","0","0","0","0","0","","0","0","","Indexable",""
"https://www.onlinegamblingcanada.com/reviews/campobet-sports","0","0","0","0","0","","0","0","","Indexable",""
"https://www.onlinegamblingcanada.com/reviews/888casino","0","0","0","0","0","","0","0","","Indexable",""
"https://www.onlinegamblingcanada.com/sports-betting","0","0","0","0","0","","0","0","","Indexable",""
"https://www.onlinegamblingcanada.com/reviews/jackpotcity-casino","0","0","0","0","0","","0","0","","Indexable",""
"https://www.onlinegamblingcanada.com/reviews/playojo-casino","0","0","0","0","0","","0","0","","Indexable",""
"https://www.onlinegamblingcanada.com/reviews/draftkings-sport","0","0","0","0","0","","0","0","","Indexable",""
"https://www.onlinegamblingcanada.com/about","0","0","0","0","0","","0","0","","Indexable",""
"https://www.onlinegamblingcanada.com/reviews/betinia-sports","0","0","0","0","0","","0","0","","Indexable",""
"https://www.onlinegamblingcanada.com/casino","0","0","0","0","0","","0","0","","Indexable",""
"https://www.onlinegamblingcanada.com/games/slots","0","0","0","0","0","","0","0","","Indexable",""
"https://www.onlinegamblingcanada.com/games","0","0","0","0","0","","0","0","","Indexable",""
"https://www.onlinegamblingcanada.com/sports-betting-understanding-the-basics","0","0","0","0","0","","0","0","","Indexable",""
"https://www.onlinegamblingcanada.com/news/crypto-casino-deposits-in-canada-a-practical-guide","0","0","0","0","0","","0","0","","Indexable",""
"https://www.onlinegamblingcanada.com/news/nhl-betting-value-canada-2026-27","0","0","0","0","0","","0","0","","Indexable",""
"https://www.onlinegamblingcanada.com/crypto","0","0","0","0","0","","0","0","","Indexable",""
"https://www.onlinegamblingcanada.com/reviews/spin-casino","0","0","0","0","0","","0","0","","Indexable",""
"https://www.onlinegamblingcanada.com/reviews/riseofbets-casino","0","0","0","0","0","","0","0","","Indexable",""
"https://www.onlinegamblingcanada.com/best-mobile-casinos-in-canada","0","0","0","0","0","","0","0","","Indexable",""
"https://www.onlinegamblingcanada.com/news/canada-s-online-poker-shows-steady-growth","0","0","0","0","0","","0","0","","Indexable",""
"https://www.onlinegamblingcanada.com/news/ontario-online-casino-handle-hits-89-as-sports-betting-slows","0","0","0","0","0","","0","0","","Indexable",""
"https://www.onlinegamblingcanada.com/news/top-canadian-sportsbooks-for-nfl-and-nhl","0","0","0","0","0","","0","0","","Indexable",""
"https://www.onlinegamblingcanada.com/news/esports-betting-in-canada-trend-or-fad","0","0","0","0","0","","0","0","","Indexable",""
"https://www.onlinegamblingcanada.com/news/canadian-online-casino-bonuses-2025-top-offers","0","0","0","0","0","","0","0","","Indexable",""
"https://www.onlinegamblingcanada.com/news/canada-sports-betting-slows-will-nfl-revive","0","0","0","0","0","","0","0","","Indexable",""
"https://www.onlinegamblingcanada.com/reviews/betbeast-sport","0","0","0","0","0","","0","0","","Indexable",""
"https://www.onlinegamblingcanada.com/reviews/bitkingz-casino","0","0","0","0","0","","0","0","","Indexable",""
"https://www.onlinegamblingcanada.com/reviews/neospin-casino","0","0","0","0","0","","0","0","","Indexable",""
"https://www.onlinegamblingcanada.com/reviews/lucky7even-casino","0","0","0","0","0","","0","0","","Indexable",""
"https://www.onlinegamblingcanada.com/reviews/888-poker-ontario","0","0","0","0","0","","0","0","","Indexable",""
"https://www.onlinegamblingcanada.com/reviews/las-vegas-casino","0","0","0","0","0","","0","0","","Indexable",""
"https://www.onlinegamblingcanada.com/news/ontario-exclusive-slots-worth-playing","0","0","0","0","0","","0","0","","Indexable",""
"https://www.onlinegamblingcanada.com/news/rise-of-live-dealer-games-in-canada","0","0","0","0","0","","0","0","","Indexable",""
"https://www.onlinegamblingcanada.com/top-10-most-searched-online-casino-games-in-canada","0","0","0","0","0","","0","0","","Indexable",""
"https://www.onlinegamblingcanada.com/ontario-casino-apps","0","0","0","0","0","","0","0","","Indexable",""
"https://www.onlinegamblingcanada.com/news/ontario-igaming-four-years-what-changed","0","0","0","0","0","","0","0","","Indexable",""
